Sharpe_Ratio,CAGR,Drawdown
,0.0,0.0022896026709619327
,0.24316117465129516,0.005644187673739771
,-0.6993346999750842,0.003965060345083239
,-0.6386506737575592,-0.011101920556977753
,-0.38143165303779936,-0.011101653880261023
,-0.5381137828333116,-0.0064370868520903365
,-0.6583396625657336,-0.02150371280855921
,-0.3925439834309138,-0.016092797322572988
,-0.4543229311270459,-0.018285234118164493
,-0.6208633396475289,-0.012967636949300736
,0.11626987409325173,0.0006975606239786916
,-0.20142470435475035,0.0023717105893867464
,-0.4205311244240719,-0.008044989364894393
,-0.7588512245929494,-0.03506304202196326
,-0.585851713361222,-0.0480842010661246
,-0.4541401901377772,-0.0061846082165851225
,-0.3500095827075381,-0.02074036035854002
,-0.6312601777170075,-0.04436377184361084
,-0.7619484606036041,-0.05970950625856963
,-0.695641769962146,-0.0885415772532541
,-0.6547454135071884,-0.08705360879804865
,-0.5594453573127027,-0.06901044255730257
,-0.6946294999697261,-0.07752048185301867
,-0.6140328044795208,-0.08854152436852808
,-0.6259123484536766,-0.07979896830722752
,-0.5694286399246506,-0.08156632443330168
,-0.5778830846864704,-0.08575119104156242
,-0.4879826360299754,-0.07110279494867801
,-0.43551498679211087,-0.06231390676762373
,-0.34761690530392353,-0.05278063217937117
-1.2158525402758003,-0.3607047354496341,-0.04989766973241718
-1.2121078374154794,-0.34206257001012463,-0.05185042522394183
-0.9759993718831818,-0.36461533405207225,-0.05505952812294309
-1.0848788603933106,-0.38508314095544904,-0.058314686921874886
-1.6659177192154784,-0.4479427776092971,-0.06375541575553687
-0.9730743166596368,-0.3629290535952594,-0.063243855420322
-0.5271411043813988,-0.325212533579355,-0.05664044849751265
-0.5559837368678268,-0.25736231697159184,-0.04589844805741902
0.11620315014945064,-0.1421906264271089,-0.025762689412529086
0.513617863586253,-0.14252269026271158,-0.01957773108084835
-0.565105637161163,-0.12706957831687693,-0.024041770761925433
0.022740787572722153,-0.08902576052555367,-0.019159301747885313
1.4702222903409556,0.14309606729628888,0.0034254569491517072
3.1290272098242435,0.14350597319727632,0.0046101105893898734
2.9214966862668748,0.25978064991693106,0.008878091090083902
2.7586220505646697,0.3105457970101042,0.0028465338450474292
2.571139048754869,0.3236611545434189,0.0
4.480189711691686,0.35000597503028774,0.004986698053352989
5.913596408103252,0.2598078645288422,-0.004854543433540847
5.526781130690073,0.27132217876413156,-0.007148962182761812
5.232592510412362,0.25618554645354297,-0.0006619113595634172
4.737709437572948,0.26508549940436477,-0.0070609409934072375
6.633818948816058,0.19678021976060545,-0.006001572263867699
6.443430593600275,0.2567233440091674,-0.0026477577447157575
7.506289441499777,0.34630423122679166,0.0018392434136750054
7.246989859138775,0.36603256115453986,0.003618632060919308
6.801039475537896,0.2887828433798032,0.006975814475419706
6.8134599812460035,0.39102711091872266,0.004547353257913003
6.726148123879827,0.4217955527756776,0.006368635587188834
6.72099222389236,0.5039985408212937,0.006911274197894574
6.755239967079446,0.4718537545095389,0.0032228536846338304
6.86385129369366,0.48740142339081927,0.011696330625513104
7.722719283116512,0.5422142731160702,8.386287870691436e-05
8.357005502666135,0.5585354416083972,0.002922222985211193
10.068452262172508,0.5746597378934988,0.005486298736640805
9.105132726308451,0.5477937974043001,0.003906834886449447
9.151799197376778,0.5825594471885405,0.0004137019499432426
8.651577230542268,0.583989079375568,0.003219246088053965
7.89620421498259,0.5767883701589098,0.001526303876230312
8.591013099811796,0.6437364411842592,0.0004884315413308191
9.089846132669873,0.7097207054185362,0.0004418655070388427
8.246187736981518,0.6610382015239131,0.00891845769176374
7.759190217461907,0.6419502045062577,-0.004137767799359628
6.781222565886746,0.5759034251452995,0.0013259019878494773
6.128941604717808,0.904005417852239,0.003973498199909321
6.603430085839093,1.068760201925596,0.0010507990070820236
7.053934424569567,1.1611162371812274,0.004984643106908895
6.614798186096704,1.1061030350503191,0.006018216187339344
5.660001800513336,0.9076417514520922,-0.011040263663946875
5.487871857157531,0.8823126273623765,-0.02521886236246298
6.294711978144713,1.028526713953866,-0.0030647498056668382
4.881427283610507,0.842413136369816,-0.0009604097148222523
5.874982222052845,0.9430816279128291,-0.01089194285543271
4.3124343290771705,0.7659832821658636,-0.027840254480463053
3.512378602270214,0.70067540147234,-0.04685596473684072
2.07743494573295,0.5086037239813179,-0.046449674704106304
1.164835331748552,0.325234859724026,-0.08957669776332074
2.212687357273162,0.6330706457091864,-0.059742045365269544
2.2849948541458853,0.6703196612315023,-0.04039454708153077
2.4163174624879997,0.7637884259133909,-0.028430769559664445
2.1765723705437905,0.6846088142854827,-0.02152630751851454
1.7032341257315848,0.5956843334456701,-0.05298540485546495
1.5175548743023708,0.5944753605871327,-0.054093089734201516
1.2718915542161038,0.5556526316000379,-0.0453422337072311
0.8444865048937741,0.4838618247799309,-0.06613016630063606
0.025170418211997635,0.3181811253708491,-0.09961969118676282
0.24877518324467132,0.38093204552440874,-0.09721975000417249
0.560791194647539,0.4421773698566873,-0.07358887643037564
0.428679816642522,0.41413907208370127,-0.08887495301447441
0.08238809938046569,0.39322653864214985,-0.06904708443969848
0.5450551168204243,0.523542095812515,-0.0625484030066301
0.9200732736424735,0.5700323705478529,-0.042203454721273494
1.2292733592364962,0.6226350862601511,-0.018055451420673253
1.6432914225754882,0.6623129137955206,-0.022264614464949033
0.5012685964713347,0.641828056251279,-0.01949563885927669
-0.6169062118776759,0.5304229099826792,-0.032972669246147744
-1.3463136244759875,0.45487172719537283,-0.04312672710856969
-1.3764609267601946,0.4282189017039202,-0.06288054666541848
-1.3186745950423027,0.3439421017914377,-0.06989583226571862
-0.6563518645184686,0.4344241408751539,-0.07329342135961006
-0.9674314928330218,0.46893909258607036,-0.06265902308916502
-0.34611786979494624,0.47392690160101014,-0.043126707507172235
-0.32255700880709254,0.5394822655094327,-0.040542083536035896
0.8650145650176674,0.6341049065869029,-0.011372334064254535
1.42969800872508,0.689416625251126,0.0037886128282843884
2.4832277032483443,0.7114997327404553,0.003393420258569797
3.2535018492561343,0.6518701081113485,0.018024641135576308
2.228849489475729,0.6930763991658653,0.006932580028319869
1.6550258267483111,0.6482812675437066,0.002152499160173754
0.8721483467597719,0.616471733458553,-0.0031745551265025965
1.0378265669230295,0.5815311364762115,-0.013865084466875562
1.7298476321911735,0.595187390878918,-0.015762289106498822
0.3555151568872242,0.4454336721862462,-0.03531912216875927
0.07486185677081017,0.3885922590042621,-0.05874394441919709
0.17306434665043388,0.35130226152526633,-0.07031041730344641
1.2036296753393896,0.33141939661623643,-0.08443085972615254
0.8716259370878884,0.3465216308233845,-0.07760809488585424
1.4125035726454156,0.4522856632084782,-0.055824707350220514
1.5225975674792942,0.441753853735386,-0.040755925045883594
1.8048914461625294,0.45427063628524467,-0.05170173560835825
0.5813767081301568,0.4251865474467982,-0.044587096836709916
-0.4143662417564765,0.36402792423867236,-0.06447247753791341
-0.7504117540215173,0.3703864458713919,-0.06666180219216296
-1.2427319753977406,0.3541760035575259,-0.06239252879005207
-1.3277198923182256,0.3356327227906535,-0.0696898979214906
-1.0668531167064403,0.29041665839481956,-0.08826184736096598
0.24985133289357836,0.349546486911289,-0.07724328356529972
0.7004182665600865,0.36964804401825613,-0.03254673780232382
1.9818526328092227,0.4134880759778443,-0.0513372444809217
1.2613765760212194,0.4190256597761084,-0.04995074952558161
0.8234016652675114,0.40909097904435776,-0.05097244003962478
1.276587720813478,0.452205382666393,-0.033823352960598206
0.28202267580880375,0.4184017176973307,-0.029481051778027612
-0.9880996368595171,0.3880306201302568,-0.04166793099288278
-1.6862366206178196,0.37688548775500186,-0.052431789883731074
-1.3403262220555416,0.4165504806138447,-0.041887009577624916
-0.8821755825264537,0.413938372312749,-0.03944264961183358
-1.209934304404572,0.42027543895036246,-0.03572088179747752
-1.028928606144655,0.40529109021640264,-0.039734133210009306
-0.9927735731567631,0.3876458299464671,-0.04590049503322249
-0.4983479340057154,0.39941759851916747,-0.04349262695220616
-0.9922188837378615,0.37569344873558075,-0.04969501312287792
-0.7097596948787072,0.29339028295685265,-0.06706320701997202
0.15022045517094226,0.3047720931298763,-0.07651311592813136
0.20227001808458783,0.2799871026264258,-0.08096416733988018
0.21436822190734253,0.26588439289123444,-0.08778760921035464
0.5839952715573953,0.2996459164068046,-0.07093066688606312
-0.7838954044548027,0.30653710956513747,-0.070785021619502
-1.1866037630770925,0.2783806717961881,-0.07512662519490328
-1.4685010103366578,0.2744896950217075,-0.07352117771734301
-1.7020484403055174,0.24206527363181718,-0.08052681450935757
-1.784246741256409,0.19463180643707334,-0.11336530539488447
-1.4243107764171579,0.2161667561042242,-0.1097525910176502
-1.63221119479894,0.1947167058289443,-0.10333130022878663
-1.1803190781194728,0.20360942572500074,-0.11478799729682233
-0.3896621698440309,0.20891958439797897,-0.10333126738142463
-1.3915169905573002,0.21205875670469898,-0.1076729625450659
-0.49301699209965494,0.26508070383326987,-0.08249724695403432
-0.9633759648064718,0.2771936980101657,-0.0799062806230292
-0.05962223726409237,0.3251476550091512,-0.0557886976845836
-0.10328508156261754,0.31574104546415516,-0.053052294340269354
-0.05423686478467861,0.3519672298901413,-0.03531935969082709
0.41099977186816805,0.3507336053479879,-0.027548025161288014
0.8806445205134047,0.35092693112252893,-0.034918049051592646
1.512830660898232,0.3754509682401579,-0.02112555976204219
1.0086650830140402,0.38047670610682993,-0.017878372178696873
1.3013893689053613,0.39379924633727414,-0.013463445010580461
1.9651640180337704,0.4377101099126077,0.0003615804066480284
1.9857186810966174,0.42604116436703876,0.0050261108448621415
3.107736812649236,0.480427744816039,0.001941881944476511
2.953383232229935,0.48114501089147543,0.012615857636575196
3.767551432056197,0.5067303141209853,0.0007992768368125635
5.92270003008652,0.5117825385238584,0.01329090373709105
6.112571180101123,0.5327541819593082,0.004139348631280878
6.491724992038036,0.5209604173842945,0.008244629657878597
5.961156945054613,0.48725029444493484,-0.001881479741305058
5.418388965377854,0.4876534573225979,-0.008586471940480699
4.605256044734579,0.4595018162651747,-0.007936152946299487
5.02991093989378,0.4481721703107746,-0.019635818674485137
4.394286877647672,0.41908536909092864,-0.03222442227580634
6.078098599866191,0.4859743142086348,-0.00981779634355076
7.553748389522995,0.48459614347407487,-0.0011286583032509606
7.068625727702824,0.48176010831486993,-0.00629441803068702
8.315280582603734,0.5110519047451247,0.0014622250064902011
8.263371706979832,0.5164097803636918,0.0063651695175598
8.548512559171641,0.534171141797906,0.0032157231258094885
8.681380450298517,0.5413442056693518,0.006063797588359924
8.220504154040015,0.5521459304487502,0.0005291818015518442
8.597628743887444,0.629795454328351,0.0008260975911666677
8.256365493350646,0.6470672126562833,0.0031445579699362607
6.727810386048479,0.5880477245291866,-0.013301960657179635
6.227253631784311,0.5910607356246516,-0.011792463192110124
6.060587821269378,0.581018262606537,-0.010251606054769548
5.712161372222618,0.5645761118906194,-0.02503144318698156
5.40784901290405,0.5697183719410566,-0.020126074103349347
5.153598088449065,0.5613873087299321,-0.025974696029380313
4.829893523482457,0.5566757999654195,-0.025471453154870986
3.7470402069457793,0.5375466474384138,-0.03144648609625896
3.3273844681187943,0.5086019402227444,-0.03811328353935187
2.820486372489782,0.5248814387360494,-0.038993507606903996
3.3351732783181687,0.5528381980952293,-0.024559452849095994
3.242324068202832,0.5701209107739318,-0.01610092047120932
3.6806418476965765,0.5992670409076064,0.006001205308626772
3.1231192607175404,0.589032997849712,0.0040844496231379765
3.4564456062564006,0.5943487682062085,0.0036092720393468536
3.7724856817443886,0.5761232480706606,0.008411478522587591
3.9364494188376016,0.5840954305197865,0.0004705747057849879
4.324155597934881,0.5728308542273339,-0.0006901436614055321
3.2002167280677343,0.5205163996486817,-0.00665370300608222
3.6459141455462416,0.5120372304940035,-0.025359311547199656
1.773601239471322,0.47870291576942936,-0.034586635800908316
1.5954251842772307,0.47004524692777316,-0.045916842604570254
2.481553377226872,0.5113455783019718,-0.02808948709459004
1.6843688270545312,0.49920997587641947,-0.032075797996503494
2.254499520007925,0.5327903483643444,-0.016508406999054384
1.3106415377278522,0.5047124674417884,-0.021561442006411257
1.777125274346373,0.5348249828602831,-0.010106047423710976
1.5511931221157276,0.5330197358202002,-0.0028872906811990037
0.3713164791249525,0.5401616766375037,-0.003577731940313052
-0.7491617095452179,0.5068939966594521,-0.01336996668361531
1.0029243396616427,0.5319310827131192,-0.002730022605295057
1.0899625938368962,0.5383052165450324,0.0011926291892823732
1.132532973295082,0.531758869753693,9.426788673233765e-05
1.753480383806742,0.5430315290842846,0.006809296655430065
1.3174745254629876,0.530180308548257,0.011994381114488358
1.7723995816207738,0.5417802686905429,3.119398340420814e-05
1.6395273594788686,0.5325950508146895,0.0046414319949206985
2.102007698511696,0.5339009873738756,0.00012445625748008036
2.8898588868011443,0.5367485496444178,0.010538868271617855
2.2718937532960517,0.5270903050898132,0.0027045792145799306
1.60629210430307,0.5247581810490467,0.004134384197688156
1.25968806722111,0.5265069238600557,0.0029224729308332496
0.4212385348648159,0.5207037159369068,0.00037312914620497514
0.8088256021764778,0.5259186252257151,0.0032277825992118865
0.8741186309019408,0.5329664453795369,0.0005860302254870843
1.380515653623093,0.5349485848300481,0.0017222685163781003
0.8803216963479621,0.5247877400841185,-3.109265607258117e-05
1.2331534626244909,0.5273595313757984,0.0008614606969709063
2.9115303599864686,0.5285183828020519,0.0036562114367285855
3.058395385309515,0.5250758241772846,0.0030110904631686424
3.945224282899566,0.514853698013106,0.00012259624131886866
3.958911234317359,0.5072195884735018,-0.00611421678319317
3.8505964676063162,0.5373494040545952,0.002093644573368932
4.511877597534832,0.5426947966767912,0.0036523517016485334
4.024626142766055,0.5525232181000346,0.0010179874293382574
5.257713196307488,0.5486250881141213,0.003742834748287558
4.8000319596257155,0.556847213378153,0.0006842553580935256
5.656169528044053,0.5827602944785661,0.0022776789258712785
5.08020119691661,0.576320683267745,0.0073295204673076
7.762723799384141,0.5859728548889005,2.9073749869353455e-05
7.257880920197608,0.5887643507513429,0.002777198636830626
7.408207021550394,0.5983137528937172,0.0
4.7326805667336,0.5611007886758801,-0.010675022612509476
3.801548860879484,0.5505642418007752,0.0003443657375429471
2.7658160219191203,0.5212266199500288,-0.029212346318882195
1.074829771001289,0.49303872643100366,-0.0390267141987402
2.6867166053490705,0.5369667317574935,-0.031651723187992004
3.089861807619162,0.5513872691281765,-0.02020211733719578
3.2564045907441086,0.5592673307910969,-0.008264395526897807
3.3841504649764613,0.553999421426312,-0.01087583918933818
2.23095524426124,0.5215643333192868,-0.011708099288480064
2.5158454741611016,0.5326978713636017,-0.02421972366901244
3.272329722973959,0.5540578908088074,-0.008121180896265954
2.9629947069536966,0.5486229910189218,-0.009268857826060753
2.584191501554965,0.5425399691303003,-0.012167405170759897
2.826154194179478,0.5526440814231071,-0.005107900098978742
3.651319899773004,0.5720617553897225,0.0038932719564745664
3.8918285155710444,0.5829227263441872,0.0009009215576530636
4.128955207138345,0.5922091568865469,0.002345374208264655
3.6632042433271477,0.5750996798024417,0.00513745013312969
4.164046116086447,0.5817407691130458,-0.0010050347802759484
4.595788885113007,0.588381771924448,0.0008351805960946566
3.9161099909433266,0.5886168140421426,0.0001945400285771389
4.0647718972194244,0.5986541591652472,0.004874214900196471
3.057135323418042,0.5772395902364298,-0.007875838579713605
2.0607981654496044,0.5447164908460265,-0.009996358863252133
0.3781511020805478,0.49611531319643687,-0.048825443884349416
0.1299519560948954,0.5094939049119596,-0.05091847920356403
0.24388928962194814,0.5083417393084666,-0.049514113150061156
0.5018288470498798,0.5263399986257244,-0.04048166165639697
0.8792456667368629,0.543250029222599,-0.02225083429341812
0.1994059995430914,0.5262629380875459,-0.020406198348519602
1.3248206981423594,0.5346008831457256,-0.024178791796000267
2.2330587271865157,0.5600781998616622,-0.00919765809904036
3.026934186200275,0.5593558870401663,-0.007821006115696737
3.2629657767166207,0.5399156383844612,-0.0040206864852193065
2.2634940059927344,0.5391475984264378,-0.015779272104794437
1.4046558078906959,0.5248937561155069,-0.02304969466249925
0.4278968925895842,0.5015976189347646,-0.03679124896772867
1.0911812209041796,0.5188708546176166,-0.029769028388872246
2.173783915794141,0.5224253500566474,-0.018312937463261583
0.7993651798090645,0.49108058681926514,-0.04210637325165275
-1.3901167620525834,0.4336196937138652,-0.05543436311020347
-0.8302166205997172,0.44855537195984096,-0.064770001064716
-1.132434448123316,0.43260013287337706,-0.06865305943208361
-0.5396344676546779,0.46160253743483715,-0.06441222229123549
-0.867950831942603,0.466503283151807,-0.05648112981290719
-1.370807717238413,0.45761812853684214,-0.06309035772332124
-1.071197698427311,0.4760421760107305,-0.047173189746605365
-0.1363245123306668,0.4969720530025592,-0.030485163355611643
-0.4401945227983086,0.49123960031178804,-0.024261388261748135
-0.600671813858923,0.4911157800554449,-0.033514184995856275
-0.8720456981270965,0.48124860772479083,-0.03373433523295253
-1.172929578051519,0.4789876774451327,-0.03670863350772934
-1.113595273210299,0.4637420668250438,-0.03177954337442295
-0.7542831018154094,0.4505641185613849,-0.05102873054944695
0.14541260174316667,0.4410935736204249,-0.057500180782566426
-0.3622504801380391,0.4365766734633638,-0.05295645874661506
-0.3849895855101523,0.4350806541598462,-0.06251210264817995
-1.2676876602728098,0.4233678656010669,-0.06328337656926232
-2.2735705301885885,0.4075927714796639,-0.0756204653318552
-1.7007056261217297,0.41141912108808576,-0.08096253572107341
-1.5754433320504375,0.422241999857506,-0.07432620953205592
-2.8514531110816175,0.40848573990421033,-0.07471147080428216
-3.4219093143653243,0.39069622258050996,-0.08121072339636588
-2.4091321496593565,0.4036656381485946,-0.08509355870390772
-1.7274653355982446,0.4217409768810503,-0.06925899507387302
-0.9055921951742193,0.4348882804781624,-0.04786163408757687
0.5166177602661675,0.4598194946688541,-0.022030809561412148
0.2180247645672126,0.4654758513557211,-0.02583086696043965
-0.19330237357307672,0.45560097124714516,-0.022416375631690702
0.6052535895461754,0.4531056194874781,-0.029686308026783795
2.2733394599294723,0.44079741084576485,-0.03684646478900962
2.1068883901414117,0.4497950914427198,-0.025280295540655126
2.1514650383049854,0.43619333523091885,-0.03486363518428791
1.3358127357464615,0.4406088922204481,-0.03646068849152399
1.257654243151667,0.44328087011641726,-0.03111830370420965
1.1466436113869736,0.43303475166745886,-0.03354178785094871
0.3258779684440801,0.4312386376709305,-0.03615770660310672
-0.5238046316856916,0.43260246728743557,-0.038360826989193325
-0.0736849287460046,0.4367176833818751,-0.037011512570439144
-0.48628653460435733,0.4284723281598586,-0.036157834603382975
-0.23812405468927447,0.4249947677891568,-0.04408881835956272
-1.0950562092185536,0.40522076193537293,-0.04648488471657841
-1.5206307443255698,0.38209044228640887,-0.06033686040098108
-0.6359168049687028,0.389358001589563,-0.07432612775568335
0.22285300979373268,0.39921096480931983,-0.060804590315497654
0.4355211531931392,0.39982603994037014,-0.05705954604451563
-0.304565089232192,0.38269720964823994,-0.06108014997071463
-0.004922993267670301,0.37898396609290663,-0.07476659896892526
0.2844175768768381,0.3711788945733798,-0.07498689679838252
0.6948009738830303,0.38347471281071477,-0.06766186677823038
-0.07166566022247439,0.3769841852873188,-0.07226060333897262
0.7928768047422177,0.38277888032710594,-0.0702224462706009
2.7437071388749756,0.41166869097801095,-0.04213352187348288
1.8770130604597473,0.4036368239996868,-0.030292311753783174
1.1935366773273723,0.40399464647901207,-0.04172023802621278
0.22654105233557267,0.39506685302562583,-0.04901851845140889
-1.7177357689540238,0.37835439699319684,-0.044281866523143684
-2.829704266374348,0.35997034529022964,-0.06859810072366485
-2.459762843329178,0.3593837875068264,-0.0780162733407645
-2.5310868425730177,0.35609617354034473,-0.0811281381104053
-2.809289847280515,0.33905542447049863,-0.08666328028954039
-3.2181780275715193,0.33997068221648274,-0.09588866882095863
-1.772514697687939,0.3553808455700189,-0.08228441607730899
-2.742397360610529,0.3382526530813039,-0.09040849781745433
-3.1467366564792902,0.3327191721271532,-0.09486975027457838
-3.4070269305788408,0.3179045557608453,-0.09329991964271452
-4.003426262142407,0.30301196777015105,-0.12510709810521925
-2.4458115881381426,0.33000902074600136,-0.10280081048919619
-2.975663933978544,0.3215126882503614,-0.09426347627718754
-1.5858836279948423,0.34432249241903357,-0.08658072508180523
-2.0208089135188034,0.3298538499927126,-0.08256030271710767
-0.773330082732091,0.34440775921847444,-0.08049464393654235
0.32389255132207123,0.3520874375988008,-0.07278412679800755
-0.11749927041836199,0.34770652323319884,-0.07369264560953422
-0.3468623677774036,0.3510286912074203,-0.07435378219746572
0.39604258101811585,0.3702279712547307,-0.054057697334720725
1.578113315258,0.38540312639682806,-0.03662623232639571
1.897983645879965,0.39032956835519594,-0.024866921049363642
2.6549736450690964,0.4032997665461593,-0.014127108965458015
2.4376938560597257,0.40854679853509324,-0.008619729708459888
2.0234501971847663,0.39254929953929274,-0.009252757331298597
1.753565871786492,0.39070431528893,-0.015008126063013709
1.1700602094905772,0.4004687791455772,-0.008619462437225783
1.3958712628347933,0.39860928036648313,-0.004185835250957333
2.01329579505813,0.41551938659512344,0.0002192311528345435
3.0707741703012617,0.4365096905781729,0.002273888112217731
4.005727740012028,0.4427479746861793,0.004776403681504128
5.594335862520547,0.46611474066849556,0.024218181522033908
5.610420753088967,0.4656320170599504,0.007152185317945935
6.226938899196356,0.4787702940455838,0.004449529586628794
7.596833449070828,0.48979382273635075,0.0037640674255421448
7.97102497067413,0.49998981835419976,0.0027019944386042737
5.848958531614196,0.47268431242149633,-0.0019087861460042814
6.598664748336429,0.4694086725848159,-0.015914249676592516
6.66572704619424,0.46479591709885804,-0.020475553682710056
8.025196740624171,0.47822643404280774,-0.009692451699523222
7.72807788455395,0.4582805238978196,-0.013658754188580277
7.293175001253997,0.4655287750295516,-0.024441713112372965
5.337862996080284,0.42824619570666167,-0.029969374074216043
4.198374854509957,0.41807454608533035,-0.049354181170383565
2.3850866226151144,0.36793953716019256,-0.08834678269353266
3.14056287426696,0.41654601327103413,-0.07139143201609643
2.134475955047462,0.39090070849802405,-0.07129233441870735
2.8328840485645577,0.4133904756662594,-0.06930930891216898
2.9235828095209793,0.41987460910337293,-0.05892282135453337
2.8086499338242903,0.4335286558917144,-0.0457104686387809
2.2055572591420214,0.42551315045455507,-0.04967666843562976
2.044179582133437,0.4241889847379925,-0.04682607652409517
0.7366003997303723,0.38971728467827726,-0.07625024082609685
-0.04593521304358313,0.3652335852916764,-0.09025542063823695
0.33573890873882006,0.3651627835122859,-0.09551105341570364
1.3436322401203526,0.403743821262329,-0.0737958363495874
1.237484516253466,0.40847085151732565,-0.06060826850550403
1.1122815148801595,0.401729503613689,-0.06930914832392462
1.2378614089195465,0.42281021866175283,-0.04861106699335476
1.0857824320472074,0.43584104169484106,-0.029523603041608736
0.9159575718755539,0.43464638286269874,-0.02868059541427266
0.07524702238920958,0.4220045326547275,-0.028085523351869226
-0.15694464673496133,0.4124010904087787,-0.03983550415904979
-0.8772999033660924,0.3957504636554485,-0.06298826564053603
-0.8334676979175197,0.4072512897632703,-0.057212205217180505
-0.8616353499988686,0.4153184026698802,-0.04414856392491882
-0.2846843333109716,0.4146207896238696,-0.03668707013582515
-0.6132627012774585,0.3989212189826825,-0.04315698512063263
-0.3989454900050336,0.4031904955044121,-0.05584912394803819
-0.4808193623431347,0.41222332583245236,-0.04263676645681597
0.20877383867998336,0.4211481738933409,-0.027763496444598076
0.20856148802256638,0.42779539720115545,-0.02416935667716477
1.5225910275199879,0.4425580932059556,-0.0072136337559751025
2.3401677475030302,0.46456691474776357,0.0038870101503776368
4.11741637066692,0.46703889021299094,0.022759741626940094
2.9101113030963046,0.46304563519900066,0.019688022935443715
3.0056467210932385,0.4404489911036962,-0.008779727140990467
2.467550965713207,0.4443713938837186,-0.016229114911426153
2.125635876837353,0.4408289844093205,-0.02290502030991864
1.3414754772676856,0.43157876851522214,-0.010158597830950645
1.403658382245853,0.42577663213112427,-0.023485252464961397
0.908548798990376,0.41134585040265703,-0.02718613701809541
1.3912629728205888,0.3910604888315852,-0.05940262618991199
1.740363706993143,0.37600255106995584,-0.07451926815790046
1.5211264634185035,0.37062117028892083,-0.07655120411355149
0.5620015707738812,0.38160822765745905,-0.08134019537033833
0.22644314378214297,0.37878549011731866,-0.06934311571955773
-0.2598536895368236,0.3621074811868037,-0.08637092176507104
0.5509248230461079,0.40018188957034395,-0.05959615847557285
0.9204070417333213,0.4222194917280846,-0.024839836902590385
1.0610507901748234,0.4248862732395242,-0.010158465920080751
1.9291516575559173,0.4360940239571307,-0.012141549115414168
3.098945638226657,0.4613885455971891,0.0
3.568484461510235,0.45628115010788917,0.011137780545912523
3.299622294581301,0.4594044387462355,0.006086630308149344
1.1168124167531164,0.4123334053156369,-0.032730236292382024
0.8880721105398129,0.4047598125352674,-0.05184249162506535
1.1853292753809517,0.39891855857242775,-0.05470798427521005
1.7946024310430266,0.42301778401589596,-0.037277759991013015
0.9881053159943474,0.40642858074630195,-0.03715879315100631
0.8673356182145019,0.4108648734886411,-0.04663191597512118
0.8866906271287839,0.4176765270273115,-0.03135639322672693
0.43778189581977467,0.4171012112719179,-0.03763231602883605
-0.270016186943287,0.4157077918540577,-0.03057499748170875
-0.8924415565453284,0.3988403202050488,-0.053855692407443
-0.7551962649979044,0.3995511879757565,-0.05162932412142603
0.23812505289981478,0.40929939611662713,-0.04461896477721032
-0.09945903039766926,0.4029066985820664,-0.04452411789674484
-0.06057171631710819,0.40092567435834336,-0.05267127748723706
0.5999046019973386,0.41212880563986465,-0.033724631681323156
0.05618838367255182,0.3905235854647362,-0.050563489412130895
-0.16966388925195358,0.370473783207832,-0.059279042627827204
0.3777955491799764,0.36841533960144046,-0.07943349652735979
0.47180631811857227,0.35729832946336315,-0.08760415836960848
1.2186062136639415,0.3745507921749558,-0.07753906198462253
0.5854691490755171,0.36598471393731646,-0.07365470030571855
0.17006834294509823,0.3511724137809802,-0.08919079751184322
0.504570229867246,0.34563244081546407,-0.1000615130350402
-1.2690200082422165,0.33351655003306613,-0.11974219448345404
-1.5541559170924248,0.3469257973477675,-0.10494047205341553
-2.3369591830575365,0.3280741024881708,-0.10989005434351001
-3.0568163727354105,0.3207810841670842,-0.12099753677124135
-3.0074053066330992,0.3436966034435234,-0.10780584438042513
-3.087638404744008,0.3374125923277571,-0.1028086337342505
-2.4948985416339338,0.35332932208663403,-0.0946379414819131
-0.6907868533645461,0.3630033180443857,-0.07872266514064725
-0.3011165421674824,0.36535874237863175,-0.06775759186907541
0.14428696600073648,0.37048108432330107,-0.06117385802743625
-1.0790931031845,0.3658751767355144,-0.06538925412788543
-0.6081771245259627,0.3616453988184116,-0.07412834709930567
-0.7120501657779247,0.3636127924772512,-0.06332903934378563
-0.8022511796870557,0.36805044350401483,-0.06678682944818391
-0.9736413478790488,0.3640009944002982,-0.06711833928100397
-1.2135419036743111,0.35773160182808916,-0.0635656105564409
-1.2653121602697939,0.34142850255025636,-0.08255959544865416
-1.4499041241932458,0.33838080062055576,-0.09118033160681498
-1.7633579194667826,0.3413257489821644,-0.09020928531117531
-1.4240280114734818,0.3426572389600886,-0.08855160604991913
-0.16112514639289688,0.3661074792993193,-0.061907887522116914
-0.6331075249074222,0.36612415024713685,-0.059065847469611375
0.39282343329376734,0.3689175494792074,-0.05473199543508256
1.682041901498262,0.3763034852412319,-0.04416883915017561
2.0010567087439157,0.38090422204748187,-0.031143468197111307
2.167889823003017,0.3733720655414996,-0.03313281746765894
1.576426576336989,0.37673477016906576,-0.03929048155413023
1.9597830136247734,0.3756580176430644,-0.03779836165804404
3.2812706032192263,0.3853024517383017,-0.023067018627777304
3.7493527037678547,0.38811050401937486,-0.017904412582647803
4.890619119043361,0.39484672522978204,-0.008738794191118452
4.6063779310714486,0.4011427926157378,0.0008285858384458183
6.030418508777397,0.3991145627402244,0.012665660093157137
6.733086740462749,0.4006648926255352,0.006521145932406796
5.770740945378948,0.39861584882097234,-0.0009213685023159869
6.099297570809585,0.3958099496245773,-0.0008031444960588319
5.003732298232259,0.3923310083505773,-0.006592101784732116
4.885131575753208,0.3993575721332818,0.0030374762703061493
5.149319613861251,0.40553160946258315,0.000838902682186167
4.5288395800934005,0.4024286165695017,0.0052663694915556615
3.6826696329911788,0.38956023147828134,-0.0037517978918567675
4.660945128960413,0.4000571676752336,-0.0015377584533530532
3.4852479301419312,0.38797618416691537,-0.00934454448693144
4.354628674060575,0.4284184215198521,0.01744050977597105
4.353753300986461,0.4242997201258272,0.0047688721169923285
4.861832893504396,0.4274240612429119,0.0026828848495601795
6.366794202809255,0.43522900037653733,0.0019646520602969062
6.802583229579777,0.4395124043840122,0.0038555620240653087
6.559039268362938,0.4380752088571529,0.00549875365676586
6.333187132443384,0.4354664937354833,0.0015117413307712884
5.8388209303261664,0.44133684736899825,0.0006961523755793056
6.147406078139957,0.44673938829216,0.0021768860331327633
6.331340710272468,0.4529240466673492,0.0019623766366570292
6.464663603220942,0.46340898443664114,0.00023068402238098955
6.99250299058633,0.48615336348934024,0.007259163754817981
7.483188884977836,0.48540346278722457,0.008511996543378036
7.8505644220467765,0.4972942439279271,0.002447250389704825
8.365387963694452,0.505765278826432,0.00019623834572751977
6.558337347020173,0.4881106667078805,0.03303442766878262
6.682088347597769,0.493370195321414,-0.00897012671921304
6.293011221404723,0.4921298205478799,-0.0033171228620907586
6.638448595409368,0.5086084960775006,0.0
6.559585253371671,0.5049777269815772,0.001242668075264852
6.660492876986094,0.5084135466484014,0.0027886539718306965
7.120703663920698,0.5154274050417813,0.0009379565509900641
7.47241996405362,0.518772905407602,0.005211470089635622
8.218590917966795,0.5304682282177793,0.0
8.260927371949819,0.5385403629247751,0.009531103610176127
8.032695525234677,0.5399824040456469,0.006869173779571707
8.22605153389873,0.5396907071053745,0.0029714166818993457
7.933310065810221,0.5227557239158833,0.004218801499436922
7.160511331447987,0.5177758006833277,-0.021076016879151123
8.0005005824341,0.5171876348084163,-0.01357317040347082
8.529824062999245,0.5307440508306707,-0.004017150130283578
9.117149279062764,0.5336594428155745,0.004695358550736996
9.373854301274127,0.5412070827898019,0.0
9.597195519792747,0.5603103389501594,0.00014082350161866058
9.956345178646437,0.5856008736422158,0.008718043434958434
9.588397414015805,0.5793704266054573,0.017690472775028145
9.716863479329081,0.5780848520353468,-0.0006447586371024793
10.067994152781365,0.5955770360137316,0.0011145820561616786
10.021144875284643,0.6000499182382726,0.0015511607177009607
9.26327826893964,0.5945834162076842,0.006089523069829927
8.393162101361069,0.5894894177430499,-0.0024095383682966537
7.30684013289346,0.5842550139565559,-0.006865133211160361
7.915353736739431,0.5959089725877933,0.0002801475349831558
7.753031471704224,0.6033736801386604,0.0029292861255662585
7.459829572728966,0.6056846836534755,0.0062012145612456255
8.254854389296321,0.5953177153908207,-0.0017157348544036063
6.860122920534599,0.581947064878958,-0.011430747432786258
7.681172686316388,0.6028304346716125,0.00022626852384702477
7.5312740853566815,0.6137190126839738,0.004592342316921726
7.300098504551926,0.6066647056970087,-0.005498312653086046
7.568030556055897,0.6159367714759818,0.0015465150862756624
7.300090502819101,0.6174432509993455,0.0056740736736445585
6.442423963382652,0.6073366260753963,0.01221258991698374
5.699779221909989,0.6034859074065446,0.0010060280618413592
5.020344768162808,0.5983085929009593,-0.007701531577811279
3.6080157166171296,0.5771346572315059,-0.01812260799536484
1.9592305946625763,0.5469543174449163,-0.04078696943303656
3.7876669994014533,0.5797147664867921,-0.04122733643714796
3.8841446053088124,0.5769295032140129,-0.0251167956978057
2.7519456169334484,0.5518959489817443,-0.049510255962180845
1.5566593027507856,0.5340186005031902,-0.06540090931819798
1.3534680656965052,0.5314032372058,-0.09361365692948116
0.5319809626409286,0.5169703761783397,-0.1077286920345206
1.6306619408131393,0.5726329369148906,-0.02865301651493003
0.8201138336413694,0.568854791418951,-0.03385554647024369
0.8007567573990843,0.5624130907966383,-0.04723130815477896
0.14157308449775005,0.5398533308033415,-0.05945966576983002
-0.4669243563430733,0.5366267259932938,-0.062037520375259086
-0.4975161484924419,0.5398488254329723,-0.07674874533669414
-0.5259258147039582,0.5340371829430124,-0.07046211210803426
-0.9857613695637109,0.5141238767176544,-0.09095783113182447
-0.7224770152207461,0.5178791326136045,-0.09974396352643862
-1.14994111494611,0.5153346413630022,-0.10174014604884929
-1.372678087693257,0.5154049078272003,-0.0978420418193519
-1.4303435777332147,0.5158561886460018,-0.09485587385252366
-1.3126497213059778,0.5105043176866944,-0.09707172578293424
-1.2748803344155246,0.4998562401900981,-0.10801128767680175
-2.1824447248351655,0.4930994147495631,-0.11475431690977346
-2.8506208090742224,0.48400979320993986,-0.1247034445509453
-3.2529677395359697,0.464640673329187,-0.13946212674575117
-3.5970270935989572,0.46401092224421814,-0.14589060030715498
-2.2117979208289666,0.4982367397224161,-0.11739483998701143
-2.1263757989893834,0.4924075467507374,-0.09799921366466778
-1.5582956506130259,0.5065184675921723,-0.09969631153975073
-1.6275520259536265,0.49971248588481143,-0.09388082591696367
-1.2119454989205747,0.4953570463071002,-0.11062008422162013
-0.07225574998373521,0.5053371187520388,-0.0978105520581248
-0.9023465720570295,0.5118268927036669,-0.08839569295634522
-0.9077552334950566,0.5092415011484239,-0.08602232999112591
-0.8009349275857927,0.4899824473689909,-0.09993231499623707
-0.15050871272236127,0.4926210726283775,-0.1080268054467481
-0.1581856162684449,0.49004995992466704,-0.10964568435320682
0.612250621429687,0.4984387544586657,-0.09804627834847383
-1.8052981944477768,0.49773051859133544,-0.09259228746225298
-1.22318300157869,0.5059452642378635,-0.08746834516290879
-1.4475406273844433,0.4951745290828473,-0.07502002716750616
-0.2819352184254228,0.4995249602271763,-0.09369262538236595
-0.3967787869798363,0.4942829243998268,-0.09076887362028338
-0.6345904460990072,0.49264132514136816,-0.09859625041112816
-0.27761432711803324,0.4944343007064289,-0.09683646007968522
1.2529432645594396,0.505710231939162,-0.07597930286619373
1.10719942748795,0.5064163863395033,-0.07266225964193607
1.0892092865067924,0.5036888672154303,-0.07384114718914818
0.5904834747996464,0.4942953412616462,-0.07546043924159802
0.7542174015744507,0.4979485773891026,-0.08493744499693327
0.34927277773865395,0.4851630573866317,-0.088694291371686
0.8855246824424532,0.4855430103261673,-0.09704049476635097
1.305921816729653,0.48717864741072514,-0.093504118106418
1.416541003595881,0.4805653166075534,-0.09781065300856999
3.235935373220764,0.4950953313205848,-0.08209239362677796
3.6625999829774893,0.5028222755767022,-0.06720826808575882
2.7465195585710656,0.5088026265551437,-0.056944810897722
3.7198219466170594,0.518327576470345,-0.03440575661932899
2.5849381763858186,0.5132973925270954,-0.04367899314161735
3.5188709662526394,0.520224198197256,-0.035097399791382274
3.3300384981739786,0.5136278307702795,-0.025713920949736957
2.3865847438984074,0.5089095589652246,-0.044905333508773515
1.4987682953747479,0.5024625726349188,-0.05149065272639026
2.013377839231335,0.5074967901627174,-0.045643666688642295
3.7593239931212588,0.508432068323807,-0.038680936699541486
3.489445048548777,0.5074928116099762,-0.03886956270406099
3.5640000383780706,0.5058640641073904,-0.043836296833265204
3.4914156716604907,0.5127259474448906,-0.032818284602523104
2.5860088079162034,0.5020401887290455,-0.0342489863462094
1.916088908303113,0.5006350008044922,-0.04767124841587312
2.506009291271371,0.4968632044485146,-0.041729861412014714
0.02628284064858061,0.4703889522718485,-0.08712251991234836
0.28933430820693534,0.46942346870085916,-0.0877512400730242
0.997844225156785,0.4787081044992687,-0.07921660751498641
1.433107375656855,0.48744648234201304,-0.0578248797396483
1.6237627193368989,0.5016520643853406,-0.038554777397531804
1.2832383094907536,0.4969498944541926,-0.031167797412750674
1.4455636025162382,0.49695696291481495,-0.04014314169729268
2.4336160518790084,0.5035165820144867,-0.0286844393253973
2.5491158642885847,0.5089986309706889,-0.017855423841777813
3.2833102342995755,0.5065218550684385,-0.017650305392212632
3.1309958673148937,0.504602116330412,-0.019411204002796705
3.1813652578310903,0.506950260666484,-0.018594896829077497
3.645578639471447,0.5069124352516587,-0.0185472888668881
3.2836466384590475,0.5136316962806646,-0.005540658803513979
2.8517625733337972,0.5142293983086974,0.008050311114434393
2.3475452297866455,0.5124933732364132,0.0007731865193186476
2.031231391317123,0.5165608286764456,0.0006599976467021787
3.010997827172944,0.5262031113522068,0.00012343866161510024
3.3912496969376913,0.5403285006975731,0.0
3.182701638939926,0.5313222074059603,0.014628065920045745
4.105111428286918,0.541581207321721,0.00019434213669680485
4.096626529140571,0.5351353866791491,0.0015399251959752511
3.7599674655945363,0.5346657554855909,0.00091187882746201
4.264016780948734,0.544474223497412,0.007681108937774007
4.2095249107826405,0.542716163746817,0.0006216457020409934
4.174764531929563,0.5405778465964333,0.0029452708158987074
3.0991478153428313,0.5313205348911865,-0.006112518185449597
3.8907360724458755,0.5315329965386657,-0.010478584394945888
4.432117413950949,0.5388970783459148,-0.000798746372793403
4.333825219122156,0.5338734581340061,0.0009916046571121278
8.01845658961735,0.538038322236672,0.0029870015208248346
8.35892001762191,0.5405815214566922,0.002998050066604102
5.657423822272986,0.5245911053812693,0.004188555147474683
4.852788402692927,0.5218082790037877,-0.015195693801827153
4.534527323808882,0.5286839216776456,-0.015489956527931918
5.627723389651622,0.5387962005734421,0.0036897189257730522
6.0623654326030145,0.5447032720260125,0.00824556884690742
6.038918590260175,0.5506966617941296,2.854290529074e-05
5.7076503073470395,0.5514383225902104,0.0005983429612985137
5.861957087699003,0.5505983129381744,0.0026918906764846376
5.6852847646280225,0.5468464910178501,-0.002905169091929095
5.516541281044423,0.546991977616009,0.004230485680730294
4.682904190186155,0.5384569527959491,-0.009941256495985859
2.8054227880878697,0.5233401562284277,-0.01327445782150904
2.150348993796162,0.5154827768502637,-0.0418883520905467
3.0300881880565527,0.5278714766804624,-0.028386048010688943
1.8301757476544527,0.5152524672792229,-0.029895879997620573
0.7453556922461418,0.5079563073443165,-0.03610548159392414
-0.12187543623745446,0.5086557713332658,-0.050918632837296814
1.0076375868641745,0.5161055638679477,-0.043070447878120026
-0.02302096634114152,0.5113915033074339,-0.039666697044189014
-0.48657242330927153,0.4987780184807771,-0.05141686937463478
-1.3233870297225685,0.4858741660591581,-0.07768117697619477
-2.2379694503417578,0.48308389184839995,-0.08775124689430665
-1.8643101071823134,0.4864849994673366,-0.08135566858526529
-2.481922364453197,0.4749009741903769,-0.07819371346411969
-1.8774348190188228,0.47543992402090773,-0.09502920762518134
-1.6421217907926668,0.4788523159193736,-0.09538488852587118
-1.2642537481601255,0.4904640910621747,-0.07377810294811019
-1.2973884090633538,0.4853647966062755,-0.0702320196943554
-2.2644245865357813,0.47463355766124193,-0.08551471684328663
-3.500630871022896,0.4546672447948694,-0.10017085987135149
-1.2270076661905447,0.4741675495419351,-0.09502911226537314
-2.020553548546657,0.45610598280144354,-0.09713672701913716
-2.2859892778415145,0.4582521558131609,-0.10760591905290864
-3.2936865314121464,0.45135037581471593,-0.1140859041493602
-3.987888962411801,0.44591113122632686,-0.12548046076888908
-4.860235751053564,0.4377888624842068,-0.14262915967042455
-4.895483505639377,0.43809665362483186,-0.14114780283241524
-5.696083035638492,0.4204194746396628,-0.14976473342590654
-5.043841253229351,0.426468188064401,-0.16284001772028503
-5.204751841891386,0.42424298988904363,-0.15860991304237768
-5.653359327899161,0.4041821217435988,-0.17794598296921119
-5.821431856046504,0.38545262708764705,-0.1955595385929977
-4.894939995427244,0.39317035077911133,-0.20607542611711513
-5.997579842335149,0.38875704032407077,-0.20661892198705048
-5.4539665780373285,0.38818799968463336,-0.21237074437512674
-5.442076206466259,0.38217603125690225,-0.21670615378234612
-6.078828343189813,0.37140304947542124,-0.22808121769213932
-6.5177194256603865,0.3726708398353611,-0.24167371489243686
-3.3776071282123734,0.40563626061659486,-0.1880186173174924
-3.1169084395196722,0.40081705658606626,-0.18165167761853662
-2.611623594113674,0.4008508361470928,-0.18820504313066783
-2.1039521011057656,0.4086004509200758,-0.1815799840502801
-1.5264906338815805,0.42311728142285054,-0.15582572801460934
-1.2782273236948367,0.4184691913115406,-0.15522453502078393
-1.4039345264797265,0.4162547371153631,-0.1618346324849446
-1.3357018814837651,0.42092274228745796,-0.14974470742701093
-2.044641458157064,0.41685962958578404,-0.15811474653306754
-1.8326763704272322,0.4169426040979973,-0.14925812616369669
-1.81354047171689,0.4076679971182484,-0.16755831649700953
-2.26722483375088,0.37537324569863606,-0.1855147177310425
-2.8812029929683023,0.3821037720822642,-0.2083221795939268
-2.7570880592629847,0.3693527486594632,-0.20561739322215403
-3.029083524567137,0.36576654868789027,-0.2294976166089869
-2.253735146807098,0.3752586418012931,-0.2136871366553797
-2.1553013033305555,0.372604203436812,-0.2159191330101569
-2.2131028636900867,0.3639353717525933,-0.2307419344686756
-2.9728225295332584,0.3457971938762969,-0.2586574945829008
-1.9349411017663234,0.3532829544246985,-0.25598208162160313
-1.5774727702824534,0.36588171345034626,-0.23466267968962837
-1.8019147219688545,0.35873247145298226,-0.23638019957689413
-1.2352844122331288,0.35418268387944196,-0.2413875802427698
-0.5820085353746101,0.3515363533681164,-0.25645404837295677
-0.9365069314996051,0.35172736211929,-0.2499010853378511
-1.0673042777871875,0.3449066320515215,-0.256754564347823
-0.9804330899698444,0.3461835426045914,-0.26134730057758204
-0.9703339579917223,0.34085237601590035,-0.26388003293942724
0.4529836943877441,0.3598944078342605,-0.23394754793554012
1.0145450689035609,0.3735663852694622,-0.20590335267302537
-0.8534672961628791,0.3671884606993552,-0.2135297804645115
-1.2885464083244338,0.3538317673113853,-0.2293261559531458
-1.4595083449145052,0.35063930656007525,-0.24267525327145584
-1.828765614683652,0.35130980482011576,-0.23896949756256305
-3.066406978986202,0.3437376347946681,-0.24881362053162392
-2.537867024396043,0.34870700523447207,-0.24350548287927196
-2.610313570701789,0.34543819771135253,-0.24837011176417467
-3.6534718324873734,0.3288857334596964,-0.27386681675716373
-4.143617595636491,0.3144186829713642,-0.28604299687439194
-3.0054147856318565,0.33167093176548956,-0.27109097693577033
-2.781754217986256,0.3282156342078022,-0.269216591960818
-1.686769143825633,0.32539433831385334,-0.28142141393853026
-1.8519920215811063,0.3290422900455878,-0.27332325878847935
-0.7617249937291488,0.336471763706623,-0.2631501233246429
-2.538429975159175,0.2795317564381601,-0.33363159450250585
-3.346998691396196,0.26918771272929143,-0.3472243534978764
-2.835259646511904,0.27809390031039594,-0.35154514823845484
-2.2029751984984505,0.28545452188832066,-0.3415438353634044
-1.6524686767640444,0.2837215688635477,-0.3381097901160963
-2.027586490146895,0.28208255334445087,-0.34286034215697847
-2.6636321467040975,0.279960977576748,-0.3425741349673255
-2.8374533676535756,0.269128517703622,-0.34763915317520266
-2.0006884329642136,0.28299141445814247,-0.34220217592902025
-1.9396012905736464,0.2821369491494137,-0.3325298769069272
-1.4275098155651882,0.2939192500202945,-0.3236029394477086
-0.9478718347832822,0.2994889101038338,-0.3109240684176191
-0.8381756027575271,0.3034009413875802,-0.3021021237272516
-1.0726792635330478,0.2923581284235057,-0.3057861460994505
-1.919038418560821,0.29114486410596374,-0.3183645513801394
-2.5462640593892294,0.290352006256247,-0.3212426649700077
-2.56590001197711,0.2842075650487905,-0.3233723106464011
-2.0989218562702288,0.2836474860371827,-0.334065249395793
-2.4096327787097813,0.27321917310178034,-0.3413188530188305
-2.571136796380395,0.27029728953886845,-0.35358002990678916
-2.097779627745816,0.2742107295350773,-0.3500830493675349
-2.640888333781064,0.2665657023742367,-0.34501731323423784
-2.2673375510655047,0.2717751893002578,-0.3501693230499996
-1.8438977505320049,0.2674168395895793,-0.3488741135196297
-1.4252896629692702,0.2641641563488284,-0.35545112333636913
-2.7365126812403275,0.2537867327557368,-0.3693963823244323
-3.0444221646074685,0.24374471107412665,-0.38375897260731784
-2.394541256753111,0.253691715358902,-0.3736993825349466
-2.8140952361938574,0.24828372943396304,-0.3736131835602658
-2.9562111604709105,0.2524689862316214,-0.37827565824466375
-0.9764974979127654,0.2531597683636957,-0.37335404506486136
0.1695454793799255,0.2583943571393783,-0.368201692177992
-1.1969488105176977,0.2494478458843905,-0.36838893996740646
-1.8285597332875798,0.24902817302768931,-0.37469241393470226
-1.410251646435109,0.2524621164797507,-0.37449083788648474
-0.4847028272855869,0.2621376112590379,-0.3606894436451725
0.4424441277637574,0.2723981185001443,-0.3416496190534448
1.1262632318640136,0.2709451518416308,-0.3365983759591809
-0.09482586976891583,0.268462999734266,-0.34140499749727926
-0.014018863602092918,0.26865779501597653,-0.3409014299272374
-0.32889193333495387,0.27623074795928715,-0.33497220156584645
-0.698599517322276,0.277278543352693,-0.3236747583367455
-1.2372250149198507,0.2748040388135973,-0.3295897807019369
-1.0707057954260628,0.26660920177036407,-0.3425995326734375
-1.6788817657706248,0.2580137973007066,-0.3497664875726656
-2.549479867604817,0.24544847673216563,-0.3614522259783873
-2.0595467219701984,0.24590188590316897,-0.3694538636170939
-1.8778324885267277,0.24752982965106707,-0.3706914005927404
-1.460686754856724,0.24338165096150366,-0.37397270505489166
-1.5974708912373068,0.23899426506825772,-0.3884360324967908
-1.721821970908454,0.2413711818728248,-0.38476647404588743
-1.0964836844427,0.2417320573100592,-0.3833273560252591
-0.866008038951435,0.24911433419647344,-0.3710079733203059
-0.6491650230236604,0.24758190013596382,-0.36966965545605124
-0.7557746099514311,0.24325402997446455,-0.3751962033757835
-0.706110881302212,0.234065259546683,-0.38420507219775163
0.6169023760689383,0.239449643928771,-0.3860473577983869
-1.876016194870252,0.21795411949631927,-0.3946963330774362
-2.232662954973551,0.20768039849226083,-0.4160101590252818
-2.707793709241915,0.20598062877581613,-0.42491841878447484
-2.1179628070556697,0.21328399362011274,-0.42117656438544443
-1.9743972738219184,0.21984051735236654,-0.41228269813948826
-1.4400664783380674,0.2189394722857776,-0.40239576143915157
-1.2230195777163486,0.22129809396158606,-0.4042811933983544
-0.8645583907300628,0.22891425178364622,-0.39733001377977245
-0.7091943887559853,0.2399716207425291,-0.3759588221699902
-0.6429519016919509,0.2505400155763342,-0.3592216011372441
-0.7838208872772846,0.24723097634500557,-0.3596821518777482
-0.24682124721050377,0.25219376506508784,-0.3544149625971064
-0.013585500780925932,0.25560931149355093,-0.3477369759498703
0.08243609190284028,0.2641748580092549,-0.3348280353386672
-0.13434776012957877,0.26213475015441,-0.32971919462756094
0.3093107159030948,0.26603396429116044,-0.3302660897418943
0.6103526252931034,0.2623688182805948,-0.32926642848756166
0.9674397599520735,0.25887640278817003,-0.33403248874806474
2.039674082237867,0.2599980340262622,-0.3366546374933181
1.2398689174090398,0.2506002684518194,-0.34056578463172016
0.1348958894506902,0.23753841971518241,-0.3611369865410455
0.7533954536894758,0.24211701087456872,-0.36570038646737585
0.9588304199601698,0.24067912553117843,-0.36245528609083594
1.342093380331965,0.24850817786802115,-0.3541834618507749
1.096739063819117,0.24544674424082769,-0.35464702633917583
0.6733257459191121,0.2465397242134728,-0.35048914156196587
0.8046217728041555,0.24687632998384457,-0.35366172180890537
1.2697640163845012,0.249052258408885,-0.35438630881815353
1.7059379854505259,0.24565103350830242,-0.3464909577911909
1.5166277897682026,0.24823829892699223,-0.3517206995275938
4.121833194677322,0.2533546612253095,-0.34157990993597603
5.191162555827453,0.2515149073404541,-0.33781348424670876
5.434716893389462,0.25199545203784446,-0.3446801928149408
4.658121629473656,0.2505196223225168,-0.34168150814893217
3.663046297787675,0.2467631826566381,-0.3470560796067422
3.108515570971369,0.24097114457031354,-0.35244517679596976
3.1230474660095813,0.24342127572136274,-0.35789210400747445
2.177079540491358,0.2407058599781926,-0.34943185047047015
1.0287117088415056,0.2393333247693501,-0.3585873430089815
-0.6326048047706715,0.2345491721089823,-0.36077486380151524
0.056484318305449435,0.23736887519217498,-0.3667289141476388
-1.096890276028521,0.2321730694537616,-0.3679601008158922
-1.3375960532407971,0.23349429494152552,-0.36881479708285986
-2.5448294930055426,0.23300641819597856,-0.36997403374800875
-3.1366820710815135,0.2254130088282802,-0.3746674610813351
-4.292856770785153,0.21994450976837499,-0.3828959906531813
-4.265355629011164,0.21683758428547883,-0.3915590631257997
-4.785190272465708,0.2071779681751189,-0.4079870103847748
-4.961080330458964,0.20699596449990443,-0.40924734307329447
-4.611739108301065,0.2027892843924224,-0.41359323386016655
-4.049689396214378,0.19879771448495176,-0.41851883681703317
-4.468378908029458,0.2009465362398053,-0.4201414720736065
-2.3366658037780605,0.211589153142423,-0.4027572199324098
-2.3182353882570417,0.21911997892666912,-0.38919778565043256
-1.7656923249585363,0.22076659024417689,-0.38724188640832413
-2.2671379802697356,0.217681432012937,-0.3867929138052619
-2.583762513226099,0.21543322384154817,-0.3901103067911534
-2.0585043001121415,0.2212196462781515,-0.3864888185310149
-1.8816999170103934,0.21960850351642747,-0.3846055936211076
-1.5346205788025276,0.2247128301090231,-0.37960759400874855
-2.2728651638066752,0.22379755229043075,-0.3773766756168343
-2.010071905241254,0.22427579572941392,-0.3749573133018535
-1.8238325758432787,0.22623235386373453,-0.37604384222273995
-1.6841729106240628,0.22604007620054856,-0.37385638297318746
-1.1649359982111815,0.2269266536121466,-0.37001715933370405
-1.196437384135867,0.22114824501308017,-0.3713065763816014
-1.3885961774626163,0.2219762932918805,-0.3774346325009789
-1.786082431427302,0.2157524466775813,-0.38147637260459666
0.33942746621500874,0.23274987556978055,-0.35593635170992266
0.5999217553929188,0.23087772991186828,-0.36055766547278517
0.5008437767162439,0.2325519628865229,-0.36107904225368037
1.4597424645314998,0.23756791243354902,-0.3481134620982452
1.7060783160931856,0.24153865272400554,-0.3377411263364557
1.6655747271733763,0.24063424150995427,-0.3374657755263999
2.7174868778879255,0.2435083384517429,-0.33824797957100433
3.7034453316090046,0.24764421187255592,-0.32948362156111577
4.501078744586546,0.25251104985902617,-0.3181550588261407
5.428155200154757,0.2490661237059275,-0.31638756644297633
5.395025053179917,0.2485573379515864,-0.32347159507489437
5.843486642628504,0.24755950164145912,-0.3232334898218515
5.655858294325196,0.2422985839104661,-0.32854161323406034
6.18068508023523,0.2516950494058581,-0.3165987116293921
6.245105279259844,0.26759679793226754,-0.2786697340062696
6.15153862797949,0.27362596897366886,-0.2646853373758801
5.908591430869457,0.27287075801965965,-0.2673831373087245
6.553940901596351,0.27564555936890445,-0.2665955385416919
7.173704329336513,0.27908156499569725,-0.2508470314809308
6.023996126829004,0.2740835989599093,-0.25546927513129547
6.273685214709672,0.27464857315215774,-0.2604567026872561
5.820578401000883,0.27472935181442537,-0.2627317011115651
5.73866261762802,0.2730395142024187,-0.26599762004045374
5.7995763154851545,0.2740624228733626,-0.25600912643508805
4.301353904289467,0.26363573210389,-0.2672227108124524
4.4456568502277785,0.26494759309892846,-0.27700752619352587
4.389422045952303,0.2651883876459036,-0.2759868195013479
4.661140830735057,0.26170538523613196,-0.281163452764505
4.647790161919027,0.26234793979729165,-0.2700080245008704
5.948007337068305,0.26909879882975196,-0.26761670211712396
4.715842108438562,0.2663955668726714,-0.26989129364520204
5.140916363628067,0.2681203491187374,-0.27178727587087487
5.466956924869188,0.2732631665145362,-0.2593339830642191
3.859950935229272,0.26499185115701374,-0.2600188687453918
1.2369605942358368,0.2456120358468743,-0.3092491125932288
1.5899525432306825,0.24889703102572613,-0.30675542793877264
0.8388781025456926,0.24299530912537803,-0.31196144532279935
-0.41405635125899304,0.23189658617310882,-0.3268647292317369
-0.5087394215474755,0.23544829494611563,-0.32963506736862913
0.2958137298628191,0.24196850282691584,-0.31995260401452164
0.7459921485124081,0.24713606956090328,-0.3061282838940268
0.5200425473461976,0.2433529960240084,-0.30216204863128227
2.044010842722758,0.25938575032065736,-0.27538879207437295
1.3036887460118503,0.25801324384662583,-0.27748861519408596
-0.30053292037377305,0.25245172730045273,-0.28599028395862064
-0.5379563496836756,0.25540964582936,-0.28756537672884636
-0.7004739007808126,0.2527013065509136,-0.293237572463066
-1.2843753097238273,0.24821842696137275,-0.29762710227203876
-0.9148716355784609,0.25569973216900155,-0.28671940768582727
-0.47677534725724025,0.25649442953455104,-0.28284053766999595
-0.8808342621619419,0.251963131758858,-0.282038585448725
-0.9342575158794958,0.2514036318792292,-0.2933399023738625
-0.5653090973500978,0.25434905583232825,-0.2816008360739359
-1.0363537019206388,0.24937085119639968,-0.2845319232028651
0.036974336087330244,0.2529577656032955,-0.28868763241297246
0.07901274102965902,0.2547382284850088,-0.2819946858986431
0.21100918609120048,0.25658588465417553,-0.27986549233522356
0.6398939611742686,0.2584586513066207,-0.2744119924442762
0.7085670214092392,0.2599223071494505,-0.2679665532121311
0.2813594818244661,0.26123566768338935,-0.26719366936281724
0.6608725097916032,0.2631744565717684,-0.2639127324272729
0.7360694118775127,0.26575331522606405,-0.25737974349650666
0.9587936182893186,0.27353429484402536,-0.2354479356041722
1.5452547508787338,0.2722547248039595,-0.22939624357645388
4.051512773053632,0.275195941050983,-0.2334502482783857
4.127565601104876,0.27928225871958756,-0.22353396682024537
4.366215140093513,0.2751872476017425,-0.2224258838959339
6.3681192805836115,0.2773471342000118,-0.2256778745391326
4.630400996230124,0.26861999851568386,-0.21364767568334214
4.510833132711815,0.2735511372916015,-0.23075231111780709
3.7975389849509353,0.27183632241676214,-0.23079600963985628
4.026895683261606,0.2698221544891617,-0.23471881211417417
3.307376595116031,0.273763421562498,-0.2317730462249478
3.3406865811400026,0.2726260557078066,-0.22875466673967437
4.0702364365698935,0.2713711549903284,-0.23016264192788694
2.741032031743678,0.2656804107746231,-0.2326120748203161
3.7371481214631914,0.270514616732735,-0.2356335949508389
4.272558718804516,0.2692455419094808,-0.2348413294527335
3.4770776977680096,0.2695418096593909,-0.2315415414757251
3.3749962597211893,0.26962215006335377,-0.23399094341244142
4.76298573005052,0.27403104733398953,-0.22367972319637325
4.45910523717234,0.2717367079565878,-0.22395834643447438
3.304802435718818,0.26743300619181665,-0.22674506246866782
4.2233703569364245,0.2677046272417718,-0.23233362724372902
3.182388157944509,0.2645312352053668,-0.23667489748355772
3.4224842091184113,0.26808716955325185,-0.23551623416218878
2.9780241656793245,0.26694189550193737,-0.23412309732623335
3.0236191171615596,0.26909354943385444,-0.22868145861501685
3.5359045981275345,0.27474462592769067,-0.2136175011643479
4.179253570073588,0.2820487850575606,-0.19915604328097558
4.58204819047901,0.287756523638959,-0.18107052321031558
3.7768999823702556,0.2845529611129356,-0.17227019589733505
3.843071444059616,0.2931129764636866,-0.1692633434552667
3.8678632521112113,0.292007281595549,-0.16514200484607858
3.687914569072921,0.29335870957621935,-0.15641485837691496
2.494811417618085,0.28843204585961324,-0.1687205290600944
3.4788086303636345,0.29183577482689094,-0.1645698983413979
3.1004107393250693,0.2909923775305352,-0.16706322119142775
4.155104886772321,0.2882270216782927,-0.16253085325204722
3.4299917792007415,0.28742154907667583,-0.17078889751748186
3.0626498724734894,0.28352697283212613,-0.1743969455433397
3.5727978827068942,0.28499939915427164,-0.17474890511855767
2.7929979586128106,0.28321194856976795,-0.17944232089662612
2.529774178498439,0.28042116359517855,-0.19116167519682484
2.0905171244603418,0.27638884218465676,-0.19328878043831543
3.3244523206993275,0.2787623170268214,-0.19092711036169654
3.849288854394808,0.2906263111714811,-0.16289792588542415
3.7868012207154553,0.2889181817069377,-0.16119610952859673
3.4055838777887577,0.286436562803692,-0.16468698489653835
3.054725597429737,0.2839272487338187,-0.17215281251780412
2.07006085962805,0.28039512409596345,-0.1784892438758664
2.778167313596978,0.2838229475608949,-0.17674363955074307
2.683563453499544,0.27896316548239475,-0.18297755215614464
1.642769292991318,0.2715706466564183,-0.1878621171949931
2.201324486579367,0.2729958045332963,-0.1979825029099132
1.4744222856210378,0.27041459447009175,-0.19921442700947975
1.815258309474964,0.27211411716435685,-0.1998008975612102
1.0195389729375486,0.2677477798314676,-0.19789427032172724
0.07017808407054557,0.2653417200657677,-0.2067828314482501
-0.6748225377916892,0.26669081927568383,-0.204289125698432
-0.614981636329644,0.27260576551443294,-0.19808495864980588
0.5377075747174453,0.2785924058902369,-0.17832774555511813
-0.8183579605728392,0.27651240148609646,-0.183241258167521
-1.6603798151992533,0.2683933817065416,-0.19025248928055227
-1.2153277236017344,0.27294146914843975,-0.1931859848616975
-0.5056194937794649,0.2740352101894037,-0.18259614709414043
-0.6275773593212355,0.27638653687490633,-0.18375505580849882
-1.2545613744150383,0.2703226585119447,-0.1850457895138412
-0.6503899624654174,0.27255589304330075,-0.18624835823782845
-2.5291090933900504,0.24644056122206792,-0.24462445387917503
-2.5403353293585798,0.24267946176764665,-0.2558160087604302
-2.747779354447216,0.24182472232295793,-0.2570921983040513
-2.581612116687224,0.24206245750342492,-0.2643818490601795
-2.329606217365895,0.24236561705958648,-0.25528817662842723
-1.6254706055042214,0.2464830802313167,-0.25275078402262496
-1.650635983975906,0.2484873951248041,-0.24421408628109426
-2.702262205390067,0.24999309457486496,-0.24231649092536653
-2.1543282291015617,0.25396972317690913,-0.22840227680393405
-1.4400389570684222,0.2591372791976647,-0.21503419969710544
-0.8841201476426958,0.26287931299109535,-0.20653483312073426
-0.6171919997636822,0.2625714929019045,-0.20386433422425262
-0.500599350481716,0.26713400749355753,-0.19605875506628853
-0.14089490130666257,0.2665957631893259,-0.19439155415993858
0.576371615389615,0.26743615340644533,-0.18670410209245145
-0.02025913722635622,0.26226551807031107,-0.19304913957630873
-0.14260079664510936,0.2584278659162744,-0.20764184442631345
-0.6233558159797741,0.2547525589353046,-0.21122742779717368
-0.15111328911116664,0.2558056504552546,-0.21808845020615952
-0.2539988452434289,0.2523621724500231,-0.21860468570799488
-0.6474156456583073,0.24935610812920372,-0.2253479900525394
-0.6459844294423115,0.2550534990252611,-0.21977082643227178
-1.3031905105006802,0.2539610039108431,-0.213912595714174
-1.0641371246349285,0.2545605982535011,-0.21701123902166258
-0.19137799857064455,0.25627293501134885,-0.21407487653067764
-0.587827022891424,0.2566353999196178,-0.21096148819037813
-0.8078914477763094,0.2554490080985532,-0.21141902722898337
-1.0789663902993591,0.2550014493495876,-0.2150488907351966
-0.5241142339210775,0.2550024167544913,-0.21305691583566685
-0.4745564380364117,0.25764503975084585,-0.20507423869116656
3.680227006657467,0.25766306751302626,-0.2071251290423393
3.69890700167842,0.25403953479634467,-0.2037172943108486
3.0766812574554994,0.25039614751421246,-0.21665691315379024
3.1988436197331773,0.25129458662671866,-0.21801438742865561
3.55232811192597,0.25365673422851587,-0.21506348363828376
2.829896209712861,0.2533105363080208,-0.20876307028503457
2.139991360169873,0.25160556145698476,-0.21403044321149775
2.2453292678705754,0.25367789155938136,-0.2124371382610859
2.147064927389225,0.25692275515283347,-0.20247715854554413
1.8122418025308724,0.2598437707029315,-0.19473093561542956
0.48849073222531764,0.25670801474086846,-0.18993531016972665
0.23781954816846018,0.25515857819814136,-0.20100157312078865
-0.8079901064741647,0.25455965884859144,-0.20477911168728094
-0.7715050632466798,0.2542269230128791,-0.20201958255068667
-0.4229185901544567,0.2566580045141311,-0.2004559144830171
0.6874250380280795,0.25688126430649527,-0.19808039485699766
1.0141837536012204,0.2545563183983035,-0.1995263023561354
0.8811611380222729,0.2504537609107096,-0.20321517384054733
-0.41746131440098994,0.2455507955557128,-0.21664250539911648
0.23205079816464516,0.245279232558816,-0.22369538750061232
1.6189076029367273,0.2488454737262189,-0.217247260765259
-0.466458635053845,0.24479347688672348,-0.21466504096327346
-0.7674792222960014,0.24237914974912078,-0.22855001756541868
-0.6942753909472927,0.2432848520199895,-0.22953876690611819
-1.5940876593328552,0.24095615705795637,-0.23030554932761632
-1.599622668188344,0.2412947684184139,-0.231117283777957
-0.6311813711683932,0.24434057597986802,-0.2212754011878654
0.15052178199109686,0.2475153165455728,-0.21481282937108942
0.15617542245554414,0.2475500471128862,-0.2152703278885368
-1.2194532579689707,0.2434825463602559,-0.21630288350443577
1.8404295778162274,0.26621529673390554,-0.1589493992163335
2.420718630257497,0.26809334996557777,-0.15601301805859438
3.733181452023358,0.27904374335162063,-0.12095423605039414
3.525378544768435,0.27787482667388885,-0.12061516342233519
3.1559461248453764,0.27646638576785065,-0.11552401683079723
3.2335949009426064,0.27687519731493393,-0.12235612786762311
3.4384359591800213,0.2771374169102583,-0.12324124879757363
3.6031361234974324,0.28099927733508134,-0.11320786351997202
2.9258433649277027,0.27747398050929784,-0.10817642329557624
2.5203983417816467,0.27615594968799373,-0.1186822373374573
2.7615605523577047,0.2753473545950522,-0.11803279137855062
2.7656053571877144,0.27383944273647454,-0.1301404483720832
3.1462476777999786,0.2771865837226952,-0.11914548227416921
3.1993862104996915,0.27736151883132143,-0.1178401315844414
2.945120679557742,0.2771310737881667,-0.11359648160396739
2.634988479647571,0.27434892936727895,-0.11478365980550016
3.2504852133005038,0.2783515331385791,-0.11340346619421962
4.0045074765649815,0.2815169563573623,-0.0988624026408851
4.558020829629312,0.281286623532532,-0.100242513656034
4.642890473018531,0.28177226603106775,-0.09979750452528138
4.314290545094393,0.28194695446024287,-0.0951235181626806
5.111371347461329,0.28494641990802005,-0.08788253296112758
5.903923811710248,0.2900970615064269,-0.07136837578274842
5.682268822831729,0.2890391312030829,-0.06547800625986563
6.463761053098184,0.29404733501151514,-0.055032033445371144
6.258362659099884,0.29264382349174944,-0.04420050268611811
5.661015380185233,0.2903233472158344,-0.05805876324922441
5.719143553715571,0.2941427474107552,-0.05225735300772039
6.030439246485895,0.2971760823611884,-0.03868103514432874
6.678209773398761,0.298023281850083,-0.03648485106452752
6.8953925544766195,0.2969112629500059,-0.03368069447722832
7.19769772048259,0.3012692583894043,-0.02492653640440984
6.96239745705007,0.3026827691501579,-0.012774133754014096
6.861149021970891,0.3011565966141976,-0.01578640874582971
5.602701238203134,0.2959135805084372,-0.02243356163563809
4.657774913942747,0.29240669750257475,-0.03988264470640278
5.065102225020782,0.2950295110926848,-0.03666298373023711
4.308308313590705,0.29435178081812907,-0.03718268698610079
5.165459147033916,0.2943697203466267,-0.041440915626873374
5.167473164288443,0.2930629440120338,-0.0413369595444506
4.529749470573744,0.28975781061109407,-0.03874022409726298
4.746967259374377,0.28921190024139287,-0.04839941195269787
3.7174012489846806,0.28717012571188105,-0.04715346461299195
3.677578898853055,0.28713669069876646,-0.05795546051024055
3.9998086772317443,0.2885628529913524,-0.05431990671939921
5.201166079270205,0.291674340990715,-0.04445281505817446
5.034544572325966,0.29434440877820656,-0.026484296348709413
4.783789505904932,0.29587516367422206,-0.022953184397441376
4.743172627456347,0.2954552497762777,-0.02305666627637922
4.924181682729049,0.2968503527418409,-0.02264103046779226
5.687706287802927,0.3024503351698131,-0.0030112507740601684
4.679886288908217,0.30027468011616976,0.005401847906434528
3.860654349248698,0.30009517077329817,-0.0034264892210608216
3.7888281921024145,0.2987366106091771,-0.007580950849099212
3.012719950330225,0.2989824122022833,-0.004049896128647163
3.9562288495067834,0.3023772299917591,0.004561974653481523
3.5770163184108794,0.29868776113838647,0.004147115703185806
2.465307744458458,0.2967621350972758,0.006738963291894752
0.671651588161536,0.2913301353599862,-0.012130877943955542
1.2266025643097627,0.29511584470693,-0.01772955541588578
1.0873151389719027,0.29334006388986444,-0.015033924486521896
0.6874446818472448,0.29540491983131356,-0.016174262204305623
1.6461629838359881,0.3024643641705955,0.007099442274710287
1.778897027758253,0.30169301351069455,0.0013374976120516754
3.131434360561867,0.30327354934359674,0.0017405362151359865
4.502622230609387,0.3069019961928039,0.0022217857822815785
3.5891758258233897,0.3047424768840874,0.004241145396129285
3.5278412692928396,0.30377275154002614,-0.0032319410965205024
1.8285177654566793,0.2959882322934737,-0.015855623165914726
2.2619980972256046,0.29726338436323774,-0.024237828182164627
2.5208078093095256,0.2953763601710999,-0.02464187049513899
2.3126782203067764,0.29369424506280284,-0.033730653665651145
2.541413217534094,0.29293138999682533,-0.03575082831312332
2.4922771750673536,0.29261463916220465,-0.02618418876924235
2.3416121449509264,0.29310132575478476,-0.03765247422715339
2.3955310135932946,0.29650430424008434,-0.024864598257440307
1.9055449773123758,0.2961554466062506,-0.0167452666171131
2.2057607962524317,0.2995688900679663,-0.013091616673464755
2.3562325898729823,0.3000284684423713,-0.009742418608818153
2.3123250731249056,0.3011191182597943,-0.0034495391247804487
1.9713571127987413,0.3042005906240468,0.0021177801201806923
2.951093306920603,0.30777911434401695,0.0014921071093238173
2.9499789389177713,0.30759058074508094,0.005170494627068985
3.150445007934285,0.30731823012197923,0.0035792464088066902
3.4085404577563194,0.30908703291475526,0.00148047301945046
2.9281736820170265,0.30939761436985846,0.006204424342501979
3.2569865855114104,0.3072863922913813,-0.00039422591948573365
4.1582556982541705,0.3104276912224655,0.004308258623707365
5.528942846052328,0.3104562909239732,0.0051833621447126554
4.989393896175932,0.3108417363149354,0.0039024539110136328
5.7780241456552695,0.3127285787319283,0.004259388180184913
2.167801756025169,0.3003422693307556,-0.0009685184735547821
0.7489448108238079,0.2977354840674187,-0.031075056895107034
1.2085599040153043,0.29984649767703253,-0.03785123607545983
0.6320910636732369,0.297839602694552,-0.038625406519028016
-0.16343691336132937,0.2965077591693961,-0.002129997984781163
1.3984036832075997,0.30462484806485457,-0.02120058470446289
1.673257623451183,0.30551398447011424,-0.01800626347002779
3.1162032191789217,0.30585008035769823,-0.010745602507894648
2.8523495899872677,0.30547348862157553,-0.0024201968909460486
2.7512443803047315,0.30306856492142087,-0.019748579845165013
3.309107476965302,0.3047496551596558,-0.014521217533688128
3.487388776335389,0.30502965016736217,-0.009196702793758907
3.079108433022219,0.3024709357875943,-0.009197138857273723
2.999350265357577,0.3024547794932162,-0.011229845368351348
3.086413639790482,0.30645385364456934,-0.0034853166031657543
2.6720484497628254,0.30375372223967334,-0.004356750037144796
0.35404302601282794,0.2927848147600651,-0.025073001383006326
1.2835509902528608,0.3004554999317848,-0.024685574903040672
0.8792421226199422,0.2984201285445873,-0.027686673098848064
0.6837221298782138,0.2998833500676896,-0.017037939282657417
-0.36637910098727766,0.29530092695153254,-0.02526632523264776
-0.12151980100282275,0.29699590810386356,-0.029816330219235826
-0.2243005105675267,0.2959481947190359,-0.02991308626753264
-0.4872369366571259,0.29566778682061057,-0.025653624993027088
-0.8715283710406587,0.29300192848460194,-0.03078446057364279
0.08830283457508394,0.29831507018437997,-0.02120072366497439
-0.261920783665804,0.29862679798282366,-0.00890643141287462
-0.40235862834081687,0.29756218068662976,-0.012294818822210108
-0.8006858857750726,0.2947902878598472,-0.01471479582075947
-1.4363398268354213,0.2916228542381347,-0.026912304266080416
-0.4584475661345553,0.288023334654705,-0.04017473606346584
-0.6429155128153146,0.2842034282912891,-0.054017968729354375
-0.4038282379721853,0.28784130140776987,-0.04162686365366853
0.6342521826438005,0.2932712951747094,-0.03233338198951707
1.6910334436500611,0.30023999426097414,-0.0027109609309045606
0.8450622571343372,0.30132908097040456,0.007841083094832715
1.3276472324334783,0.3058491667412142,0.0020986474946139057
1.380650351387865,0.3065700181039741,0.0025660201476341853
1.3526421157145057,0.30599819464593025,0.0024710499127767772
2.1842629316452373,0.30988864551316175,0.0
2.1311325634569096,0.3111209449014898,0.00027954546036077096
1.9284723939443276,0.30991675397401663,9.362004585041942e-05
2.5845871350514082,0.3122020313693463,0.0003703788474752947
2.9972806094142097,0.3154099285680103,0.00822670487500858
2.178019938024342,0.3131202159700621,0.0008224873428567261
2.608238564775552,0.3134757749629329,-0.0009137863923728789
4.87522298894788,0.3139565858625575,-0.0012641338656776877
4.054222181198066,0.31443481701868925,0.0028437533484894995
4.317908199719491,0.3136936007279154,0.002935546422608838
4.38659793489387,0.3155555974103621,0.0004558163459330518
6.035346392172835,0.31906282183839085,0.001617980271242946
6.29134291352359,0.32256899702565844,0.00558409196172751
7.018678640619199,0.3255257696393683,8.759972152507166e-05
6.917811263814964,0.32476875228432944,0.027150025964300325
8.138038327986324,0.32797359719582864,0.0019052673281143304
6.8690781282687166,0.3257776562198871,0.0023383595322564823
7.385166096596799,0.32933280288963696,0.004728768491984015
7.656065952547707,0.3293993296084181,0.009444478943866906
9.119169060479138,0.33409331087777483,0.0011801348131987085
9.30836183936644,0.3314086445918307,0.009441292802447114
11.14544989441045,0.3343183601115651,0.0008403233119419643
12.654217966897683,0.33384698908289323,0.0033612909536261414
7.834431264275713,0.32460300200376646,0.0021008471808106827
6.835940124627213,0.3232699116470126,-0.027310945940713337
6.517639044810223,0.3260087079281766,-0.022268850184750038
6.013259428072879,0.3246828867796441,-0.015126033463230572
5.020435002056139,0.32323978848644197,-0.024537932816967218
3.3508171585342197,0.3168172447784272,-0.03655492142947199
4.03152535787801,0.3205853764875386,-0.03949602495793721
2.3770477256365554,0.315165604822671,-0.03487396772522196
1.9995751235135282,0.3140907867368887,-0.043697508530359974
1.354861681497547,0.30927284053712745,-0.05991613227492326
0.3672628623747232,0.30535400139244095,-0.062185045007663746
-0.744140598304098,0.301451930809717,-0.07428567583137348
0.566462918903326,0.30765496477912313,-0.07697488638229379
1.523109614312422,0.31508886097296873,-0.05336124565797907
1.1285591409454734,0.3127491041918813,-0.04840346239731339
1.3930136871624974,0.3151939657721301,-0.04630258991845703
1.3231529756542726,0.31396848296555135,-0.0476470730260557
0.8657576609996362,0.312436717472818,-0.05285747737842271
0.985543382196439,0.31677739049427167,-0.03764715808324457
0.46128640428544526,0.3163034998324634,-0.03554633619359737
-0.42032949387429364,0.3127804465860149,-0.042689259662928886
-1.0234025510512792,0.30745764000495424,-0.0493279427935295
-1.8391379803025902,0.3046808723708512,-0.06352948474545149
-2.473945068549214,0.2969717937918961,-0.08697498040741188
-3.018640499998364,0.296728858262552,-0.09722676402012499
-2.5302486100396395,0.3000716741560572,-0.09075655984920507
-1.7096709751902095,0.3096163619416643,-0.057563123833648006
-1.406411355927647,0.3096167094440294,-0.04831965612471818
-2.51145646753664,0.3028461567819485,-0.05352933290622791
-2.2020261495442783,0.30486781887944625,-0.052100900486568326
-1.3996725961682661,0.30360358165593393,-0.07151252469068013
-2.0738428582874495,0.296223377854699,-0.07512606960846736
-2.698177306161604,0.29395247485932186,-0.09596634366589639
-1.685367644103894,0.3002345637828021,-0.08428582854900965
-1.3213732060822052,0.301927716566589,-0.06672278840623008
0.13641541459458958,0.3082974881417584,-0.05487424578490851
-0.16608862413424855,0.3093547809758823,-0.04411772127673456
0.4449458936326574,0.3093527333279349,-0.038991524790838464
-0.5024598523494892,0.29988683697010643,-0.054789755800827164
1.4145854990964497,0.3138112466763432,-0.007394929788050232
2.494311498329618,0.3215015629997382,0.0015966484493293383
2.4674227122145607,0.31737823514889163,0.008403310658190942
2.1936424345019203,0.32033400869645967,0.0014283038802892633
1.4979758661926674,0.32009129278024573,0.0007563026307586028
1.9011047646649746,0.3217902674669182,0.007945839720941318
1.820247070747418,0.323351464905264,0.002417883188463475
1.6879602920613037,0.3208667311758375,0.002584543089899363
1.984289562087984,0.32229757142880766,-0.0008336778793558623
2.0199788148622044,0.32695283883794213,0.0010654391607040716
2.6012677529504087,0.33269761999432657,0.00032031483349713067
3.2567810637978964,0.3356843863950234,0.008065825398113333
3.9602375521945974,0.33666273406502567,0.001573787734973972
4.405383005483602,0.337900117381569,0.008214058020163003
5.628398873591197,0.3394124529622926,0.0004661090586138
5.558206308186453,0.33856047796006306,0.0024080773919048356
5.409000212611628,0.34038516687134557,0.0
5.244938208327516,0.34706473656223413,0.0
5.002598286261698,0.345113767973239,0.00451139507385371
4.9614872291382195,0.33804349923027877,-0.010526434164243224
5.059875444268186,0.3410183947274408,-0.016015019150559705
4.661933675181208,0.3367763027560047,-0.018270732259434864
5.881247219992286,0.33774736790610826,-0.020451303033256405
6.237718832583561,0.3379899861411231,-0.026165451333960667
5.339672891832458,0.33604239346599685,-0.025864760740259375
4.48612092565071,0.3314286487874718,-0.03195500979524698
3.8563179564451,0.33152291662867106,-0.027293544618317095
3.829444619029077,0.33232664223612707,-0.025789703915268514
3.0708411157032445,0.3266636367330358,-0.04345887283431521
3.7707462284415763,0.3216720284246313,-0.06187979221772494
3.10095784937128,0.3259662125775178,-0.06090222021398551
1.8048763594661283,0.3239087417869697,-0.057142846449404754
2.8834957671923194,0.32641855250617957,-0.06052634732846217
3.0223403844777477,0.33037411904953573,-0.04270668022670872
3.4459629961896563,0.33295128421120257,-0.0288722137054188
2.8153665327118214,0.33071907065853856,-0.02819545336120378
1.99762209530363,0.3272061422251824,-0.03458652682045452
2.7420700490893863,0.32955884980339833,-0.038721786171376296
2.317788791305381,0.3282268784120548,-0.037293195482827945
0.525097126110142,0.321220079571201,-0.04646626223121972
-0.09867588943304766,0.3226987155836165,-0.061052396069748494
-0.9201368930619694,0.32039490343006927,-0.062406245079756374
-0.1019691936464292,0.32644163349085265,-0.04962393270963706
-0.8857584769491712,0.32224353659243365,-0.04894733477893212
-1.2027994379914804,0.32159842859644794,-0.059248176488046804
-0.7989585200813495,0.3234826097918624,-0.0559400220572618
-0.49470204677580965,0.32726131550442994,-0.0412781748762738
-1.971088508520472,0.3243063599558986,-0.036691771717392005
-1.8592259189101072,0.32320441157170965,-0.04962399461689823
-0.6082057263245788,0.3248418960219579,-0.0482707600227885
-0.9635890856827537,0.325633131533577,-0.04353375618729716
-0.4348510756223151,0.3248560291067717,-0.033308439334026295
-0.8254708966367634,0.3234837573316389,-0.04293232431554942
-0.7523622640547327,0.32415669776869294,-0.04413556774590249
-0.6891329988878705,0.3226679513732549,-0.044360969873952924
-0.4721915462316462,0.3195592657666575,-0.05157919223776885
0.4192921409583874,0.3249346712202408,-0.03669190716284187
0.026824963691616813,0.3232979534840301,-0.03609020760324251
1.4534094127669963,0.3263693422771814,-0.031052705561972444
2.6568559865555246,0.32812550235593885,-0.019398600174053794
2.1409422630330104,0.32901943908781384,-0.017819561074121568
3.193345564801526,0.33325942546023124,0.00097753624938286
1.9683532125422623,0.3289917664010824,0.011578861247453236
0.6286708371667217,0.32500993341000806,-0.01060165362672827
-0.9459941358657027,0.3178971784101532,-0.03278199054086479
0.5277037691694527,0.32505314200469115,-0.021578921283236664
0.9330759906105729,0.3242926557214443,-0.01827041972902079
-0.2913826218715582,0.31836565520850724,-0.03421064807874986
-0.37009948573547996,0.31653861728351274,-0.04699242104586479
0.8434710803867759,0.3177910089560825,-0.0480703460266671
1.2651503446974552,0.32213303383599956,-0.03644331137105131
1.177961634227409,0.3193294473759176,-0.036896124306510514
0.11148518805201936,0.3181785481405621,-0.042030197734668526
0.7745071533104401,0.3181823302964881,-0.0396896363193122
1.688271560807366,0.3235987020978186,-0.02640126013248505
1.310529216389268,0.3229792881858715,-0.022324221785033373
1.125077031512157,0.32541207511705794,-0.013037264778794104
1.5174027661400988,0.32490854988679385,-0.011829230309525313
1.645571957224842,0.3246142891341246,-0.01107434982499157
1.7410732054724534,0.3268477733457251,-0.006166510430089074
1.9093982162021592,0.32872112904615514,0.0032443636362799555
1.070999546534962,0.3229584234029279,0.002791550621754702
1.8868245007818927,0.32723385221022916,-0.002112611863260175
1.675131351720997,0.32647249661687217,-0.004451560143999691
1.4209755674889257,0.32338681109588263,-0.008223901946037403
1.9247837973517021,0.3236029268880365,-0.008676461965665657
0.9611582933082286,0.3222406957570021,-0.014184153077182368
1.2175340973099835,0.3222704720482221,-0.012071648430580903
0.4868613345339389,0.3205697545049253,-0.014787786023538523
-0.03900066741439729,0.31895986506728624,-0.021502992963839392
-0.4751135620345278,0.31708099387806876,-0.025124256993569166
-1.3353371217747279,0.3160929633979639,-0.03365011314377032
-0.2521269695042975,0.3185931519491483,-0.024143806578986005
0.2539581038417349,0.3177802791279756,-0.017805919985110066
0.9810099714627772,0.3148265720186987,-0.03176381816672729
-0.5004736634991233,0.3140887370715235,-0.03998771044695199
-0.1368649979533839,0.31511719453359377,-0.035385450340516864
0.9387647839887259,0.31428691079794846,-0.03515915224632743
1.532392628867786,0.31512154726865305,-0.03191469373295033
0.6443959908822209,0.3124375299149089,-0.03561202065970813
0.06752583673534587,0.3140892847123391,-0.03380090143808134
0.3918990085317674,0.3127337965977801,-0.037196045292970895
1.0725153129966356,0.31450809804301083,-0.020672954470382855
0.7352496484672594,0.3131016975501042,-0.025199760926907663
-1.0216809584451971,0.31142894027443546,-0.03432898930475128
-1.9126223170164227,0.3069505913778767,-0.04579734437113537
-2.1746043157414126,0.30841437335933586,-0.04843817243989198
-1.521202944196732,0.31037503915306375,-0.042251504113588266
-1.5911897152998926,0.3098175445235156,-0.044137548968309945
-2.4634359856735615,0.3087319863307525,-0.047608134046188424
-3.218450327192753,0.3078920349755925,-0.04821177779516219
-3.298493314142351,0.30168062402329343,-0.05960472986343598
-5.818318029943926,0.296573320191029,-0.06398071463491496
-3.402302076232978,0.3025508047114851,-0.06556508039780358
-1.7027414937618346,0.30682566027311986,-0.05115414282181831
-1.8237652127359292,0.3064800096462299,-0.04655200051826417
-1.1097285838286524,0.30849818244748217,-0.04066675782458499
-0.5057097097936687,0.3113823858547795,-0.029952936794315817
0.18077467950520146,0.31316735364198944,-0.022031206728462673
1.2803039977428026,0.317359522204798,0.0032443810882703213
1.117804657850324,0.31471329417879934,0.0028669645909533163
-0.5420900096705632,0.3042489982446792,-0.05311596576942743
-1.00150552328742,0.3038885821947481,-0.04111952907663195
-1.1143978833899975,0.30240031896896946,-0.051305132019658826
-1.2153797751706452,0.29887887084218545,-0.06737575933071557
-0.9516439747675693,0.2997946828944069,-0.06511237761282308
-1.2751409202894326,0.298812295589731,-0.0682058286437615
-1.3747377460746133,0.2973920594007424,-0.07522259347854614
-1.8718018860225976,0.29510840809316385,-0.07469427642763865
-2.301633269394426,0.28934040559036833,-0.0752224397292599
-3.5475294327684463,0.2815948832829549,-0.11196617173205015
-3.142733187371968,0.28288627201247696,-0.11392769257153
-3.384175835558618,0.28315838676660676,-0.11704144926772672
-3.0956379937232295,0.2837076266361449,-0.11893585879865212
-1.498615124658995,0.2916983720621775,-0.09059025932149432
-2.2834909678879307,0.27919643099269087,-0.10430851518102141
-2.0358457263172802,0.2824710258375973,-0.1252266248455068
-2.3267143805138923,0.28206656393035145,-0.11779925344045221
-2.089834990962178,0.2834436426596172,-0.11848134750819185
-1.6992225966228438,0.2855722774251135,-0.10832531467471698
-1.7843958491309289,0.2840526205158658,-0.10991691143916497
-1.485357464501684,0.28089049342049344,-0.11688974767353202
-1.488451223785331,0.27595676410856185,-0.13333631586997635
-3.531708396137254,0.26151867829565045,-0.15190489436164617
-4.676597893344901,0.2556665071339357,-0.17540013041802874
-4.4954978080349814,0.25680070817681244,-0.157892396964443
-2.9121335570022606,0.26907972134642155,-0.16713884306667343
-2.495270155125283,0.2754052481880038,-0.14174902349429294
-2.6187887283236844,0.27592582773959307,-0.14121848263340753
-3.1788394509170352,0.2746501773621708,-0.13197220468315513
-3.77407383960359,0.26417652649411694,-0.15205652432278385
-1.938817379218741,0.2733772810315347,-0.1485703575035055
-2.278530326743591,0.2691931562849992,-0.14523545385561215
-2.372428736310799,0.26674193940900937,-0.16289456159384888
-1.4869409307686765,0.2726720223242125,-0.14690263230236095
-1.961644990884968,0.2681134376216392,-0.13583721317071037
-1.4393772413048145,0.2727612733218816,-0.14144590631544285
-1.0477203057527924,0.27578792427811405,-0.13439733439120455
-0.68814042430777,0.27772165006530214,-0.11408564389379462
-0.06583175045041578,0.2793841533375112,-0.11681402230445416
0.6029740332234288,0.2794155307629591,-0.11673818081625911
0.03670422159129737,0.2743550272935069,-0.11711685331264296
-0.08914700930460544,0.27321735458578145,-0.13371516246870652
0.15213749672418744,0.27644016699209306,-0.12560553847495715
-0.9072666302427174,0.2726920900136014,-0.13462474632227017
0.34544278956710456,0.2742784729209442,-0.1305320585704944
0.13843715458685907,0.27538548489130044,-0.12462026239467598
0.09999911576132688,0.2746083060849436,-0.11560137070961514
-0.4870988843299332,0.26995669839131775,-0.13166883019354012
-1.3434316283507797,0.2630060263431384,-0.1397026245643823
-0.9747450180179003,0.26529263437730566,-0.1546334232675029
-0.8436162542201291,0.2636448011307393,-0.1691852999213928
-0.2507293928399812,0.2650411120167673,-0.1586501688911936
1.2990154842478707,0.26563182840635435,-0.15592170211363648
2.082785103446113,0.26647630790988597,-0.15311752298497272
1.8091971466916397,0.2652209416430835,-0.1528901302452428
0.09253514059943839,0.2624670152260702,-0.16486500426523817
-0.06630787317588926,0.2674515071732724,-0.14902503393350788
-0.29595270919192257,0.26622437692134504,-0.14546267689216022
-0.1108765786727676,0.2663920022727466,-0.14773651606817323
0.862665638215033,0.26307100268669625,-0.15478496619689483
-0.042361129824803695,0.26611863274506176,-0.15038900477653128
0.33351508922462647,0.26430490568726506,-0.15114699102156684
0.9371519601807925,0.2654549668114581,-0.15304175160217626
0.6041049523958394,0.26920847367361733,-0.13470048469007495
1.395522816423878,0.26898215332683595,-0.12401404180017138
1.155013831853581,0.2720994738447413,-0.12462022460103019
1.7082652758682946,0.27859526575378113,-0.09635053100033053
0.10610225525004593,0.2712639201807081,-0.10468777450138074
-0.4156055417126155,0.2696675748375792,-0.11673819814200916
0.894611775165186,0.2783026621369673,-0.0958199798005691
1.9566160314794057,0.28039804334381757,-0.08528503751882428
1.8046773207230116,0.27829782729264685,-0.08126816061383643
1.7619538164558568,0.2811486876446101,-0.08020725974855271
2.683516105234353,0.28343971359918796,-0.06406381249324966
2.2608421151106737,0.2821977398747466,-0.061562658561914854
1.9102293471679856,0.28096755139153995,-0.0661467179662358
2.0334791755606467,0.2810057437596378,-0.07284508467455257
2.6294664981339304,0.27990286956758537,-0.0728446323182645
2.5626754401127947,0.2727062696562088,-0.10131184549722576
1.9934331277728043,0.27126752364075957,-0.10625928664648651
2.1065870589229516,0.27033150844558884,-0.11082622647824433
0.8231634976887674,0.26372253098713916,-0.12034061307151585
1.2116734312290458,0.26702497443235784,-0.13046390598211963
0.9262100793046805,0.2658951283996498,-0.12429823990533458
1.967108842790935,0.2724251622591225,-0.1057265240560839
2.704789516058645,0.2749521392374319,-0.08852432951903935
2.1735117766393417,0.275689859506828,-0.08723058836771126
1.89643655532447,0.2726511975568642,-0.08867680527577765
2.1299719640641857,0.27450857497823766,-0.09156918756215537
2.3663821513567056,0.27275086762199985,-0.09248234222008209
1.8660492383264933,0.2721421780679292,-0.09872372770024396
2.2325383826275993,0.27283076792046335,-0.0911124272168682
1.7781134296297831,0.2708708278980525,-0.09567936426654083
0.9445029536003708,0.26871773025641477,-0.10100731596578134
0.6533621290884593,0.2665162148096274,-0.11105436328314439
1.1544504944999017,0.27333015677564787,-0.09233031013307301
0.05331830429118824,0.2717666456115073,-0.08768684339383932
1.1038626822335502,0.2714713263327291,-0.09727740161050376
0.5626047163329168,0.2664925018293334,-0.10420402385962405
-0.690289895935623,0.26730520001085223,-0.10991259585055642
-1.9386514720351478,0.26155502130253816,-0.12171044697074766
-1.859574916455106,0.26004361501047213,-0.14233756436520142
-2.9819440284350534,0.2560743101071583,-0.14142430360755887
-3.1376173656176443,0.2575013882872115,-0.14758957435103012
-3.635218899346925,0.25279516305654437,-0.14561074788899897
-4.247496398713392,0.24685320841785607,-0.16639020009198618
-3.8155937966419753,0.2492199641604358,-0.18275492218199316
-3.711381389302138,0.24884014126913256,-0.18009072794191017
-2.3449223049588523,0.2513322069214101,-0.1714896643981021
-2.3346351123535642,0.25002543565102053,-0.17034790376283326
-2.58765137184324,0.2474884783321709,-0.18031881669362607
-1.0157888308538559,0.2510242537110017,-0.1670749272431634
-2.06822401360425,0.24809582915324668,-0.17263140808709926
-2.5391439380497687,0.24388279765823406,-0.18534246769609355
-3.963935486713626,0.24388045778557554,-0.1979774124805638
-5.3249145353293965,0.23845145408681523,-0.19432398687290037
-6.159767955448287,0.2342069656719159,-0.2208120168659439
-6.575084374510496,0.2252100127437262,-0.23786190115768957
-6.777573044330013,0.22612093660273613,-0.24562537340829332
-5.781804561829709,0.229233698876814,-0.24600627796098654
-5.113811199590256,0.23201194174968953,-0.23359927630221256
-5.959278897992146,0.22652769343786638,-0.22979357257847727
-4.800271776266685,0.2307724117457699,-0.23519781271527024
-5.15721952222858,0.2256548617795593,-0.2562816372978571
-5.029059757152645,0.22450645181466156,-0.24912680460122763
-6.519327745822056,0.22461597345831819,-0.25262815094011537
-6.478336924602141,0.2234252676280457,-0.25498755701603537
-3.9569155455496867,0.2337864241779457,-0.22773861586442756
-3.902480608983891,0.22960391045725181,-0.22720590725861925
-3.8789450886629404,0.23055774482816838,-0.23215327446667333
-4.367296426232712,0.2166674022796684,-0.26450202779416127
-4.0264507803299,0.2179458010792461,-0.2805624595179864
-2.6701812202765707,0.22462358470186117,-0.2590979810709993
-3.06562843609706,0.22256868167050015,-0.26389292381200796
-3.046609520500577,0.21830464128843552,-0.26899264093596886
-1.9845684654947597,0.2220810679717773,-0.262903705394563
-2.087619303351963,0.22352975838665845,-0.25515411665746657
-2.629376939098032,0.21794040902993328,-0.2582918132073645
-2.68775109853733,0.21987994347756112,-0.26762810836887013
-2.5718946897333956,0.2196799079712226,-0.2657916213195588
-2.493930147332181,0.2180020141970871,-0.2626537698034119
-3.0791067269527597,0.21663626643936285,-0.2751277518481827
-2.7133629645384687,0.2170969869925914,-0.2768112598631753
-1.5967456539098515,0.2224911436592356,-0.2588273640185968
-1.2632891493662748,0.22537355852383545,-0.24841959963193133
-1.1370059757936333,0.22138594935098155,-0.24321583371551855
-0.7602296099247978,0.22077137605020525,-0.25951627609314204
0.4062844520077566,0.2223498210850099,-0.25844465308247244
-0.2516389219868331,0.21764139878999034,-0.26150600873328983
-0.2824047423044974,0.22042318039752473,-0.26242423284008526
-0.46383731296410374,0.2216273124126531,-0.2595161243692356
0.1812257381020397,0.22177740106688226,-0.24987365214208418
-0.40640094212565475,0.22116779408623,-0.2482666061163676
1.1154283514388579,0.22876621182986612,-0.22882861433015028
1.2836427788038358,0.22903948343710945,-0.22791016877276885
1.4267277256502229,0.23035691414406223,-0.22163495383017057
1.8922111182609787,0.23314407645791557,-0.20602318875882897
0.41360299777045945,0.2307547617022072,-0.21306358937331785
0.7157271778349764,0.22894019124153053,-0.22125244499799382
0.5943382336672417,0.22895464888719164,-0.22262976500968548
2.9880289846060144,0.22889020750567712,-0.21757908927070402
3.100005777162515,0.23085933999096664,-0.21727272806069528
2.1875530963412166,0.2312005871555971,-0.21245149137658548
3.210418323059024,0.2349990374199884,-0.19507961848085434
4.580719866191951,0.23746693704173394,-0.1864320755595106
3.8618209553397285,0.2369777199365568,-0.18520755996701
3.6061658923899684,0.23703551357202213,-0.1849778349360109
5.037815089609262,0.23684843790596566,-0.17617725394175987
4.9337623109827,0.23819854312361377,-0.17893232193247124
4.6774024237387275,0.23692561938626455,-0.1806160610656835
4.843500495216582,0.2358941924117639,-0.18689122469012864
4.920388951523028,0.2348234183404656,-0.18735040585794893
5.559011396326051,0.23930555665662423,-0.1751057926744014
5.341470009445471,0.24258350345269308,-0.15497908412821146
4.508117239129738,0.24137262322186137,-0.15895846559861787
6.024902288278144,0.24302042921666,-0.15819346290181036
6.59749016479236,0.24488537047307335,-0.14143373864169065
5.51686887852728,0.24235111399707376,-0.1526066815790021
7.602950653877601,0.24425228094818707,-0.15069349073689686
5.433954906894035,0.23970097167395998,-0.1549790353263998
5.181211298618231,0.23975093680824777,-0.15995346269682315
5.261786173809056,0.2402370275313792,-0.1535250849856314
5.908157942323754,0.24263172791114518,-0.1543668747241395
5.635330254507002,0.2453144726725085,-0.1402857833090203
5.544023160397971,0.24524795065466165,-0.13990304536920284
3.829420994225651,0.24106051878261758,-0.14059188417744634
1.9992050578743297,0.23659017702333296,-0.1662287135763846
2.2902349393670285,0.23537893157260048,-0.17349866628853494
2.7961203587048336,0.23561793043838763,-0.17281005400671876
2.209653681583256,0.233317812215877,-0.18168732568397675
2.0590618978317283,0.2326183531567816,-0.18513110792274373
1.3239679148443175,0.23134293746820567,-0.19148306071645882
0.8871323452596802,0.22982127505367145,-0.19416143268567623
-2.0863924100500384,0.21713148982309938,-0.2445932704588752
-3.4235646658899364,0.21101198526997944,-0.2509451975948956
-3.727362169658102,0.2086525863450941,-0.2751276993749113
-3.8018219338966555,0.20830476283627708,-0.2800255431288802
-3.1950723548537234,0.211280976292455,-0.26732209606243007
-3.777511774764635,0.20913632476083532,-0.2660976668301497
-3.7319493970011126,0.20821628131531322,-0.2757192705506355
-3.7703934784622346,0.20700751910307735,-0.2804930398858186
-3.5995379764620092,0.2070091534576639,-0.27802886746569827
-4.30164144826849,0.2081548034112859,-0.2795688100905604
-5.35862514707203,0.20615102538589825,-0.2795689119975621
-5.845048362708356,0.20151240324896036,-0.28565136534052954
-6.150987826488954,0.20175100515760036,-0.29419746643696637
-4.765634257067315,0.2085177204290325,-0.27325523642927557
-4.545888087902415,0.20758492898508352,-0.270868677034054
-4.5085027005392,0.20960238120997166,-0.26694197407646936
-4.030880189518329,0.20873541959518893,-0.27133053296731796
-3.689329952981958,0.21063571526128255,-0.26524799772046564
-3.3609114336079515,0.2128896831288607,-0.2516969077522916
-3.279845203589716,0.21562120735734625,-0.2447676057514947
-3.1666181864159184,0.21879172639340005,-0.23206370318072356
-2.928863194062278,0.22014871927729907,-0.2244412036657458
-2.390735247885672,0.21988405900599806,-0.22644330679008465
-1.929054373652669,0.21880139311779367,-0.22698207774197773
-2.1797753741601555,0.2159685130550233,-0.23360353863202651
-2.4703057942709745,0.21439089997546512,-0.24669260172334437
-2.084815544792459,0.2146321387621264,-0.24338185111571603
-1.7716006863980824,0.21585429516017451,-0.2155099803037423
-1.4748494336119484,0.21647402987896536,-0.23106267157814944
-1.2940574120670278,0.21615468927920367,-0.23344949557066846
1.0933306240528935,0.21736108270732069,-0.2301388012969473
2.209170263333472,0.21565081406151654,-0.23506646220341681
2.022770955572448,0.21263904220939112,-0.23683732178437675
2.1259423356034226,0.212726980859391,-0.24176488283947717
1.2878002497733718,0.21196427238403293,-0.24230395512912534
1.981714565686222,0.21261271828313033,-0.24738541129393113
1.0491296640226968,0.2081508617992458,-0.2558547688322583
1.1896318211095869,0.20755858263819715,-0.2564706801242018
1.515474869571812,0.20900486538101237,-0.2581646153649222
1.0639533382822977,0.2081610147321309,-0.25400672498501303
1.749523442778393,0.20909322277897413,-0.25862654428739057
1.504509282722772,0.20364103905123465,-0.2711764455691822
0.7845734791271778,0.20078158406201574,-0.2835724517959264
-0.05783478014446301,0.2037452506736157,-0.2788758773072367
0.5382427119471636,0.2052093432016282,-0.2720234291459921
0.594814417023963,0.20742021871175242,-0.2626302002823008
0.9132095914231197,0.2078445412017662,-0.2572404724881649
-0.024742652183285845,0.20595325659706742,-0.26547898163965783
-0.3575832348907131,0.2068674692617649,-0.26347706124061465
-0.9042896479990454,0.20752389465207544,-0.25700957500052657
-1.4431445928544402,0.20881132752672094,-0.2540070647816539
-1.7060232896207956,0.20924684266529092,-0.24815552415585945
-1.4349211278249205,0.20994724619143224,-0.2477704408477911
-1.4723736954666629,0.20875684322205434,-0.2480012768076996
0.24783936631403675,0.21225893102918092,-0.2378382998482217
0.6194651498533994,0.21209836786513492,-0.23545112737165133
1.0314530185389927,0.2139202084511822,-0.22906080639363152
0.6999269575099334,0.2138517354361229,-0.23006171398781233
0.5451641638072531,0.21387615716101482,-0.2265200941104671
0.3262457714514436,0.21274779368175722,-0.2223625524998807
-0.4084254620509975,0.21116713758078354,-0.23545135375397747
-0.651545852667397,0.20853934196136303,-0.23899319784221756
-0.2612928923396962,0.20712833417928778,-0.2456914583257305
1.938221454413475,0.21862797870318706,-0.1965695128247756
2.478440574203805,0.22097466773079222,-0.19579934001075727
2.296836460988138,0.22059559534533046,-0.19502964400324277
3.7404778105544803,0.2237035930133826,-0.18271069614581534
3.2515932472617397,0.22078227264914285,-0.18332660698098976
3.371995932364874,0.22294926941798687,-0.18509754812440166
3.712535618581672,0.2239453859265197,-0.1794442760658566
3.9927891706041256,0.22660358370434008,-0.16667145671210273
5.6023997667970535,0.22798819856015085,-0.16109772209774006
6.47042346786845,0.2285909976717455,-0.15668547703184119
5.561460690303902,0.22704877739102947,-0.15699520984594134
5.213674489649208,0.22677742274189994,-0.15676307709843185
4.8581135991804505,0.22705645819497278,-0.16055612148348697
5.1653156338485005,0.22912463685003925,-0.1520408621532109
5.5532717656241255,0.22880274856293403,-0.1466995498444504
5.270513351546397,0.22837928327819257,-0.1533568744907934
5.049505278849812,0.22799007909058422,-0.15157637811301347
4.862555972711668,0.22831412508125148,-0.15087974162685214
4.409092259007263,0.2267186295610426,-0.1554469008934365
4.357729115593564,0.22714712504218926,-0.1537441454260507
4.275032190662178,0.22560031780205403,-0.15815609732120495
3.4583092642411564,0.2246644165666154,-0.16489101765905823
3.2268966865718887,0.2234346188412486,-0.1643491126679205
2.806201652684575,0.2230809252170034,-0.16829701743203548
2.487969450025905,0.2215187145553552,-0.17557384175845048
2.489548322274456,0.2215460581587927,-0.17503184907361655
2.912407466214986,0.22248622199549528,-0.17325152603098928
3.562622983930368,0.2240511389339903,-0.16396227195191662
4.141600733569087,0.22385283327937078,-0.1616398905747644
4.679532963873497,0.22482652567385752,-0.15807873335287712
1.7858811154848173,0.2198184330654407,-0.16961311830574835
-0.2569897832648703,0.215500183563347,-0.18161176944507165
0.9265561567018183,0.21939245222660286,-0.1816118277869859
1.1864600998488861,0.22354384771506175,-0.1578466994453859
3.2063230896162453,0.2297691566457014,-0.12502440416239824
3.7685167157865473,0.23577110043419425,-0.10412352794603981
3.28829153522387,0.23457689612267285,-0.1010269795630073
2.2399421594924145,0.2322659906427318,-0.10063976586470764
1.9232910191638624,0.2320975725503831,-0.11658669104783291
1.7594655780491317,0.23191324750714837,-0.1175932603005269
2.42003468099856,0.23348234929693001,-0.1102389359407247
1.7434283556106842,0.23025031683588182,-0.11140022227034625
1.7130310572218173,0.23037561552983954,-0.12223761651335761
1.3431659673049297,0.23056500644758127,-0.12386329180085731
1.6627586807639023,0.2317995426174504,-0.11256132346506247
1.1015387758507875,0.22879010665126187,-0.11906366996056868
1.4323316984000263,0.2300497599413247,-0.12239239244531361
1.1607728333529768,0.22904348153207366,-0.12486965429520652
1.614717599574171,0.22966970985293544,-0.11511596635154728
1.5151216823656277,0.22960092147991862,-0.12014746871329669
2.079417097204742,0.2307991806594334,-0.11488373157576935
2.301411903868895,0.23092072342933911,-0.11318047339867336
3.131186993441622,0.23392111188742204,-0.09622768502859216
3.2563722501653265,0.2341613701440659,-0.08120974486340711
3.8988471342753104,0.23563212755316343,-0.08670601930423612
3.738040121844806,0.2349191211280952,-0.09088611144443424
3.7244648221857224,0.23577592558980776,-0.08523524709809709
3.3581096899809975,0.23549909314534645,-0.08778974511295609
3.3423513976925037,0.23522251044188325,-0.08492564289739857
2.9977669041074555,0.23452780204008472,-0.08840884888435117
4.270152316591348,0.2342829037749139,-0.09135056440699549
5.374402252697321,0.2334170782930165,-0.09498904105121801
4.9806458016261805,0.23489184426377463,-0.08856398212335787
4.373905875740846,0.23566272739317973,-0.08376460742313623
1.7793029526723276,0.2313917519384867,-0.10435575009179715
-0.5152351616547334,0.22950115218670786,-0.10311706682002361
-0.5759565813831975,0.22815350364349007,-0.10814904165779726
0.04228835143502806,0.22772183877037522,-0.11573506541773737
-1.016335760012792,0.22430475407084316,-0.1192960500436572
-0.9528827827804587,0.224321483120141,-0.13028846133012054
-2.1400713045870843,0.22224971240740854,-0.13274813034896038
-1.7586726133409956,0.22049099762674018,-0.14216280385587096
-0.9209857518197784,0.2229058974791025,-0.1401400833878371
-0.6812876060938206,0.2238117688898349,-0.13072494025825404
-1.2318414889167633,0.22337903916665236,-0.13383739190480154
-1.7722592452366455,0.21820477004301786,-0.13562704693760175
-1.8784453326744093,0.21911709587619055,-0.1529006449593366
-2.718984035040166,0.21447486925002957,-0.16114804873328195
-2.2188963997521647,0.21666669717381093,-0.16215955163156262
-0.8686614831829074,0.22123435328042218,-0.14231859122067064
-1.2145114929605463,0.22102895754055973,-0.14138481665862862
-1.2362349297695632,0.22106581597878128,-0.1399062808135388
-1.3475665017093894,0.22359872014625948,-0.12862427004814514
-1.4159331595768672,0.22356769476028626,-0.12527869073359688
-2.0553878666394088,0.22251872743004864,-0.13235894940186352
-1.6874116237909171,0.22326778363754274,-0.12955800634382184
-2.0319946923446266,0.22277696489185095,-0.12488931572396632
-2.0457141806458847,0.22246097368759088,-0.1283129314379776
-2.3776670099799926,0.22082244481657543,-0.12699016424736745
-2.641123595469852,0.2190302551070371,-0.13679431273547452
-2.4451720497761857,0.21955066093134956,-0.14340775479682324
-2.5806913878533164,0.21814135361196052,-0.1438746959804066
-2.646184278212428,0.21935332634426596,-0.14130699168217123
-2.414006628632197,0.22093608273458076,-0.13484896268837063
-1.0529624957360297,0.22251812906361024,-0.12520080062977143
0.11353257482684437,0.22523404174908412,-0.10753819161450152
0.15492943300962042,0.22408240716413474,-0.1052039339685956
0.931996102276354,0.22686029957112797,-0.09804538019810494
1.7791603591441563,0.22671705163757316,-0.09586675531443617
1.9794315251571526,0.22753659406955484,-0.09174307919464064
2.5636249640355597,0.2276214167568431,-0.09353278116472294
3.282322922302747,0.22849429704797886,-0.08668534835893768
2.795254549402398,0.22881848311156183,-0.08575164869665736
2.5678754664709933,0.22884008492444852,-0.08652969197253825
2.316052086569643,0.2275334768760584,-0.09345476234589072
4.26440490473305,0.2277380028717817,-0.0933770518656731
4.284424850651461,0.2287086939903269,-0.08341758496359024
6.286004968159521,0.22781346626983234,-0.08170582711412391
5.56544869513552,0.22762527601192573,-0.08878615787845012
3.872355981878353,0.22610918098200217,-0.0880861365084067
4.114587345969559,0.22646610226555053,-0.09485546798224936
3.9472704504507257,0.22612800947580736,-0.09345485811196676
3.405167696163619,0.22687458263615268,-0.0907317398855207
4.0933013064043795,0.22867481183417304,-0.08061645778303825
5.17512436560672,0.23013014239499507,-0.07073490677735962
4.881094738473303,0.2301628184942588,-0.0711237282702416
5.455242645148358,0.230958056843507,-0.06684450306398419
5.154466596461772,0.23008051677653896,-0.07174670617770582
5.866762692106791,0.22962833362368995,-0.0692564906981142
7.573242908947519,0.23089012047122282,-0.064432346014009
7.232348311660272,0.230731299714521,-0.06240946309206499
7.947680513991851,0.23028114026387425,-0.06559947607934039
7.519600448075138,0.23045802370327362,-0.06279837766495859
6.878787887548578,0.2304307302466415,-0.05999710889739451
6.066751328828901,0.23012723840308102,-0.06552165342909103
6.063966450706112,0.2327405731456702,-0.04996006851274965
6.827773269918781,0.232681533033678,-0.04731455834956469
5.979407381989101,0.23255098878137348,-0.048014783187749016
5.643788443601476,0.23194821111483432,-0.053616994260542165
4.838306666745171,0.2314026235274258,-0.05548429701350321
4.705275186730562,0.24160295688274558,0.013514605772148157
4.364353766026172,0.24115247715564192,0.004970811780059661
4.435421654735216,0.24175061052748714,0.0008521894080505046
4.790329315956119,0.243235706564366,0.00161184069912393
5.547447829129611,0.24474576767723022,0.004257565299102728
5.634801897469747,0.24527241066876448,0.0013632834271676533
5.670504701962012,0.2463831566702106,0.00022654266509355064
5.78004118349955,0.2458319905832287,0.003927229833599264
6.187240731608578,0.2472253319898703,0.003976397815162015
7.197692437992153,0.2493351371403687,0.0005183829300468581
7.2357257728418825,0.24981619877145445,0.005608514474455713
7.232252426306182,0.249453534210206,0.0028781913459494453
7.120588051666951,0.24977738277842843,0.0008104966796506408
6.971135884604774,0.2508843317771621,0.00036578678035189004
6.703915799716707,0.25125397665568516,7.289407622676315e-05
6.412730314960916,0.2503548438474914,0.00269826949337903
6.204257101151659,0.2503662948622609,-0.0032820300053286264
6.537426382379932,0.2505565928832476,0.002406816148611452
6.656964922401133,0.2504779053345887,0.0024061869336299358
7.019503905826473,0.2538657386419312,0.0025752959985817954
6.685306678579169,0.2526653735652242,0.0035053601812689767
7.058474949127787,0.2535388057166341,0.00028638036241267456
6.792829549090661,0.2528301905970478,-0.00014348175773848325
6.8242196485511935,0.2528995315242548,0.0013587929240317159
6.669231398181391,0.25209107157429234,7.144469739862597e-05
5.9298156117713665,0.2515332208931993,-0.007154008437826015
6.063911834723752,0.25195550771337216,-0.0030758544776489202
6.081353180449698,0.25187517046208896,-0.0025754897934531693
6.141015379848551,0.25145696235848525,-0.0010017192136614187
6.720809872850342,0.2531342590517647,0.002064596840889937
8.526775210928134,0.2532632436051039,0.0023455954604318383
8.058875092957056,0.2522393214693097,0.0022035784745151506
8.397788875858987,0.2539015036780541,0.0002827179714030937
6.138132068728782,0.25174284134236125,0.00947178959956365
6.212607489425504,0.2535399171099064,0.0009887197381831172
5.5449049653015825,0.25276902617148655,0.000847909809979999
4.831487042104593,0.2522686720834131,0.0019786425426072582
5.184488364898593,0.25240955847906776,-0.0016972293525099815
5.525439499993217,0.25581501886101443,0.001668916754394065
4.93139115370065,0.2560440601930465,0.0025673771059713663
4.546951231144327,0.25565797132341905,0.0026365867931212434
4.487591341236617,0.2551755686558308,0.0010404441047380632
4.301815580874963,0.2550676250301862,2.8293256886567683e-07
4.3149910949798524,0.2561968741554579,0.0008288672628734029
3.6498204969929158,0.25514053191314345,0.004766283397858552
3.7981297162698535,0.25455149933697463,-0.0017272867876948611
3.5472622449400606,0.2540106752231235,-0.004075485739897917
3.308052826129344,0.25365069956970854,-0.006147667098969399
2.380913572203953,0.25163159827650916,-0.009808594305572332
1.1852967275839061,0.251684786243771,-0.018097675911271125
1.2406198039248042,0.2506193628593649,-0.0165089017722713
1.2128793030162963,0.25141476416281106,-0.01996267246376701
1.1048496197099222,0.2504970535913116,-0.018857646914528025
0.7052551000046321,0.24971180578707397,-0.01913377815037639
1.8992449093853507,0.2516931779541236,-0.012779053821407354
1.9869866578422897,0.2513354431571937,-0.014436678523912623
2.406264100185134,0.25282709289208993,-0.005663941811323783
2.8088683890142003,0.25373375797533115,0.0008979149292013211
2.454175381451179,0.2525681224240388,-0.001173754870016563
1.7997521254832631,0.25254612941387133,-0.0042130879410847205
1.6040670133376749,0.2522262137581486,-0.003246555848962365
3.152038706091729,0.25553321971138643,0.004229738773656725
2.919968937841776,0.2564633275256947,0.003931949377354226
3.6522798716796023,0.25578405179090136,-0.00013563594345486067
2.6485586533264405,0.2550107839425466,-0.0025086705455068846
3.870784712368807,0.25767415876459654,0.00013419047241497974
5.0615666098182075,0.2621241498282554,0.004509525300162177
5.327373728379117,0.2630633551306716,0.005779591907917273
4.072517051488717,0.2620872632242659,-0.0003246333670707523
4.43252076339773,0.2634080767938807,0.0007795412689544112
5.244328473679896,0.2656335803929013,0.0020499170590517137
5.194518675377268,0.265031549792373,0.0035234814640157544
5.0744270668520635,0.26461721562032703,-0.0002563049792343223
2.0808818944506853,0.25860749185565846,-0.009801375736102513
3.011114573745306,0.26103747742289385,-0.01768087298512948
3.3010030149510827,0.2614621677108715,-0.013581080057851976
3.7006215363346215,0.26234076530794037,-0.009737138536146196
3.698149561435132,0.26197154420065827,-0.0076872863226682105
4.155510640531706,0.26130207794624694,-0.01236369609173585
4.266845571425846,0.26173384975140346,-0.01121078225074929
4.472591871570057,0.26128789043583645,-0.0119152311858644
4.220708587362938,0.2611973925349409,-0.010698231222264801
4.133695128029282,0.2600289028683471,-0.01236346882606968
4.4766558928316895,0.26034000765708387,-0.01774500026853656
4.557100148329649,0.26268844357032184,-0.004164174098811873
4.052719419092456,0.2608583376286786,-0.010570101364022666
3.779112558620005,0.26127532876874837,-0.001857978873276725
3.768493082771389,0.262128487238509,-0.0007689510006868318
3.9604359278103467,0.26155534792498036,-0.0035874792839926915
1.6793395959924955,0.25470112072255424,-0.005829603477172191
0.7245346558503009,0.2504734188088913,-0.06412543506492259
0.268101096412991,0.25167228843850054,-0.05541330650214901
-0.35438898118195844,0.24987469472751012,-0.05509261106974526
-0.46689590960044386,0.24871726578634568,-0.07443961862964948
-0.8538555353650525,0.24620844822954857,-0.0743114075914688
-0.37976300098804705,0.2507874829996253,-0.05996149141968691
-1.8004502485307645,0.24910807296421567,-0.05912899923113602
-1.8199218874294827,0.24995067654767067,-0.06425354857350431
-1.7023298801108153,0.24952666997704154,-0.060218240296039845
-1.875305186549333,0.2501241114248265,-0.05727083342535563
-2.600055248917345,0.24944912707264288,-0.05009612867226313
-3.025915388107568,0.24689137292195307,-0.06367710765464007
-2.333345931934186,0.2491653760425956,-0.06399746110544555
-1.752862665210501,0.24654176216246548,-0.07027502793159389
-2.3542194654409383,0.24678963231354079,-0.07136436559853539
-2.6615117841962976,0.24604223220379828,-0.06918637029263572
-2.7544065721161384,0.24657924339706105,-0.07245379439680992
-3.0890473917650842,0.2448589505956842,-0.08071698253220745
-2.485711053444821,0.24639243853109405,-0.0727097574818184
-2.3654937259770312,0.24725774805169598,-0.06502273142901684
-2.1534500823293903,0.24764939748738302,-0.06566291681395248
-2.1083212968673637,0.2477429808618563,-0.06354921552183823
-1.2527832771748777,0.249894354904733,-0.048750769868189194
-1.0066099081482205,0.251169580320717,-0.04336973125265498
-1.5000651416472495,0.25160078504083416,-0.03331194886451305
-0.9569189654702407,0.25202963761192665,-0.03824464774730573
-0.8338268838315177,0.25291920216426367,-0.029980438980059827
-1.272649129555488,0.25202081775509133,-0.0279308687796641
-1.1903799659714647,0.2517955008546031,-0.03625900746198229
1.103098196740378,0.25364575202923345,-0.023446519448600687
2.766197371377405,0.25420497021071053,-0.014477829951335362
2.5989473178381104,0.2548365557637997,-0.013901478522281813
1.990776855353123,0.25152456158016334,-0.013516741325147954
1.9306969840999335,0.2502088416466459,-0.03760397130421958
2.4745689088991063,0.24920964918644128,-0.03696379280365222
1.6255581510444521,0.25052260887776856,-0.03766791669425216
3.6962772243668205,0.2580198594316241,0.01660939684669157
2.930693938540598,0.2562034082654385,0.00044593257397015505
3.238229746307281,0.25692448071993534,0.001654708690715925
3.653752903369101,0.2593202865339683,0.0006926554501770859
4.141982700916923,0.26049041469459855,0.010932033857963833
5.220370445815335,0.26135105043729334,0.001303903620082904
2.7760349715309345,0.2558373244660772,-0.002679895349055861
3.9919149518373724,0.25797098729796875,-0.011593502007398894
4.447859820978689,0.26029270025227635,-0.0013709228016499952
5.035651553640996,0.26194467678313593,0.003712814492978567
4.679084979662442,0.2611240447076151,0.005631158024878318
4.148936096884979,0.25776745758863484,-0.005507328697344343
3.6738666902132744,0.2572407052280796,-0.012994995747331364
3.362615412219195,0.25678726234575056,-0.022957821242916832
3.8076224481991154,0.2593109528449993,-0.009901267775252834
3.800110170497505,0.2593663671120763,-0.006992868099902549
3.1203651789858333,0.25848258256891454,-0.005321678436109228
2.9427495220119586,0.258941242838858,-0.0064358232182603675
3.1793279870922215,0.2604415669626121,0.0024754805104918085
3.3757798411733857,0.2617536567975687,0.0012890028258403159
3.2436752600204013,0.26204614232523293,0.003305743899333659
3.5838421289589655,0.2625485333353379,0.003170757758908273
3.614885285614228,0.2624462747749823,0.005425171430003878
2.6618021316277574,0.2603064283486274,0.0012191292872767222
2.4591688795884505,0.25998319338157505,-0.0064615084221492
2.124097114155257,0.25917250432976036,-0.01103304333507924
2.2414707934484266,0.25632925204702484,-0.01767753566579561
3.152709394443082,0.25911650719776924,-0.012191105662064801
3.2021007390507807,0.2583165174519826,-0.0005484805618972599
2.572692447220392,0.25693266247792135,-0.024931329228274655
0.6026827657653331,0.2553775355080836,-0.0283450553753064
1.5354359351536613,0.2568714181749241,-0.018774627737879964
0.9346238949171755,0.2554844247873769,-0.021639853702766207
0.24797453420216264,0.25539894235916694,-0.02608960727254159
-0.9001178015919478,0.25250366529246593,-0.03529417500020425
-1.9221736624500878,0.24954986230588694,-0.05028938272666382
-1.0520772595365648,0.24781692367416186,-0.07180749454873821
-2.264484434604466,0.24624415121160093,-0.07448918070317255
-2.125636399628797,0.2488572958637627,-0.06174943286847353
-2.3536377781503104,0.24986106878079561,-0.05687278685213277
-2.458840922600147,0.24872000674133798,-0.05955528249501664
-1.234762803471811,0.2494599496551626,-0.060469432029796814
-1.2202266614574464,0.24899248955116549,-0.058518736293740894
-0.8779161551492008,0.24955119882264087,-0.054617508680304384
-2.2305049708359292,0.24836210581015505,-0.06211528849587871
-1.5354373650688156,0.2502129862543401,-0.052483758151714764
-1.3252869553299649,0.24997675910884665,-0.05217942679813317
-1.3383552443815614,0.25039328049657605,-0.04462046687731536
-1.9195900239502914,0.25031248175755283,-0.036878915565847305
-2.2217765667767515,0.25083947343187396,-0.043096600368336596
-2.5861535573881365,0.25013046747174883,-0.04071929677349775
-2.433887918554814,0.251005209461844,-0.04126775776365845
-1.2988847892730226,0.2537979697169006,-0.024687467407764493
-0.46973824595916863,0.2542466687992806,-0.019384366031366475
-0.6518327393017095,0.25338823552924317,-0.02035954874241927
-1.5781479649292691,0.2493995941429783,-0.042487039431179124
-0.7041995336996872,0.24953516619780736,-0.03840280147639121
-1.7751295957547175,0.2493115865118738,-0.03876844033206788
-1.219841508117325,0.250120708056806,-0.04041475914332723
-1.0549352170956208,0.24927459462941814,-0.03962210003191802
-0.23111818373116977,0.25015268353892894,-0.0379152187721655
0.9928129303757142,0.2556526696681294,-0.0027429394469577076
2.2699935911991633,0.25908573689728165,0.008097445379264967
2.818447112482396,0.2611638734567996,0.0036086170999724697
3.0416218006767175,0.2589555905955674,0.005324295704107744
4.314435709865419,0.2599797626213898,-0.0031943173456021835
5.733309207969382,0.2639830685877864,0.01020286670629535
6.695344518366244,0.2654611152421795,0.004246803404097952
6.184790378924256,0.26582802232661495,0.0025170324784128477
6.228226257990227,0.26699158972843895,0.0
6.4778457623638905,0.26651035981923177,-0.0007939046970442629
6.022487710074775,0.2658249433893356,-0.00130259975043195
5.908155576494912,0.2650279684574539,-0.006313749200151126
4.7951157024781645,0.2624305575836663,-0.01212174622537022
4.408320789497591,0.26015406314902445,-0.03011636743213649
4.391311032272262,0.26190932106850173,-0.021290003046034248
4.147907195131444,0.2608698539166576,-0.024023502131371503
3.949412971131892,0.2605628371846198,-0.02874969396542296
4.611500556557301,0.263363781103775,-0.010869213142695821
4.851918709095883,0.2648907731261725,-0.003466268759325165
5.021096919117701,0.2647505039363096,-0.0006189906995803715
4.514165798351246,0.2637940613026304,-0.003010544422118858
3.5694019155290366,0.2627059344641993,-0.0042066889974447805
2.411200081658222,0.25921458813379705,-0.015310720552946843
3.1137204843951625,0.26128173281965106,-0.01975246887246297
4.123828426846004,0.2603914220456969,-0.022428994304480407
3.701806404398219,0.2590782019185347,-0.017019071032888074
3.682716438645444,0.2587830810534626,-0.023282763422256093
3.2704647338168917,0.25804717260193577,-0.030799774311681002
3.5465572264354774,0.25819343260771954,-0.02943300320067276
3.295714409162615,0.25809569691468504,-0.026244094904867267
2.8819257993155225,0.2610135039108452,-0.01548179064747633
1.6786991821540798,0.2599731703045589,-0.01832881564905773
1.1953185778528068,0.2603534454991676,-0.011780095741568245
1.8628189063079343,0.26016181009735573,-0.014114879306188441
1.9943865910969814,0.2616192867748248,-0.008192937064092813
1.4981337448433958,0.2636922920274323,0.004421260556583298
0.3597568220427201,0.2618454245266586,-0.005838404642844057
0.12641480590703338,0.26152666611862707,-0.005668484560224124
-0.11355580710967056,0.2619790079068669,-0.0022671961951310736
-0.0014753788904655332,0.26183285474722684,-0.005668206065770719
-1.094222205047761,0.2576286083613126,-0.02805769641656106
-0.8883810999481306,0.2575129342233373,-0.03196908100102933
0.0013984380214880263,0.2578122202430855,-0.02590432801345005
0.12446614870664158,0.255958372539395,-0.033045729292699215
0.4207989226209957,0.25860780291657637,-0.023353344461810498
0.6952479619344465,0.258436744406936,-0.010599624358740498
0.9786144083865054,0.25902237650661086,-0.016721369534824313
0.6360252416506385,0.2606604641582244,-0.00595158405852452
-0.10860521300937884,0.2599301088274648,-0.00459149551979106
-0.11771395244284703,0.25976791842072267,-0.007708877744839821
0.13752196724448068,0.2595878743015416,-0.012016544753323422
0.753472543170618,0.2603338285960588,-0.0052714857718656315
2.5927647745331877,0.2618041862074836,0.0015246726412810638
1.5381383320288653,0.26085865895091365,0.012987803647788574
2.673274787875802,0.26328816323427584,0.0008374868306686934
3.187854344643006,0.2632827728595153,0.004685995885421388
2.966603656180536,0.2624345112238655,0.0017850521664417543
2.675409702548906,0.2610008863477422,-0.00825627066751797
2.5839930234157373,0.2608921332925114,0.0010042928153024665
1.5821708476793162,0.25823628055735326,-0.010934138424993273
-0.41072326616580096,0.2552840251515458,-0.024043146238126287
0.015962011814868095,0.2555071223938785,-0.04050007891771715
-1.1954001650084147,0.25211454525054866,-0.05076422065964212
-1.4721271631275032,0.25105892847051936,-0.06632858052312883
-1.8767876877682799,0.25134766333124214,-0.060359264045598056
-2.586193413729877,0.2515333728579041,-0.0593553204389569
-3.4566586255985445,0.24454352612498065,-0.06950807129577452
-4.25263624036781,0.2405208353455539,-0.08579710216700291
-2.3045884045145404,0.24668502697887096,-0.08668988627769256
-2.963898944476745,0.24322084724306103,-0.0884751029808766
-3.0148150546570944,0.23881098248532218,-0.10186318046147826
-2.577247173544268,0.24054166521273057,-0.11562151531711237
-1.2185234343320082,0.2464703049964938,-0.08201408266798825
-0.6042739088497439,0.24786924500181406,-0.07719695399642013
-0.5879599479714298,0.25054765742612317,-0.06156937572721789
0.3811426795452178,0.255510196570671,-0.030482908209036656
0.1624778223524503,0.2548693823952839,-0.020792305543614206
-0.24831965128142047,0.2542098782286413,-0.023929095306225903
-0.27125539484837463,0.2533693436655975,-0.02471354980563144
-0.03465015476108423,0.25451495059062923,-0.025665474654745602
0.4491409548671024,0.25703761578318374,-0.016143566649659987
0.8229460259977727,0.2599247213310665,0.002346751780078355
0.4580138625471992,0.2592807635242791,0.008437104955039488
0.5554370782396314,0.25890529953270924,0.009219510224696746
-0.3673946660591517,0.25603802708359424,0.004525790938645748
-0.20384266112546895,0.25696038131587673,-0.014918564015116847
0.010298921203167442,0.25735299842653503,-0.006872767265552231
0.20914851485857217,0.2570823077008657,-0.004023167190103903
-0.04848427765970016,0.25550796475361026,-0.01743326217190282
0.6811831671443151,0.2570379392620141,-0.010336799771790937
1.6431386110239443,0.25952029894259354,0.00011114719933222528
1.8388264850235418,0.2608617466016139,0.003686980874117424
2.179997515416263,0.2592298855603221,0.009794921878428162
2.1024998663907923,0.2577767671236537,-0.006603938351301319
2.058587326620221,0.25781758722311987,-0.00814497495650874
1.8998385010777412,0.25713589385685687,-0.01430781843734133
2.9390345208584043,0.2546381020831381,-0.02338803636676014
3.867993269321998,0.2544481109931829,-0.027074710703996648
1.9199299071887546,0.2508129697001953,-0.03648491873157367
2.21010144790844,0.24851184605964627,-0.04974698460404802
2.4024500262014024,0.24482236553501946,-0.06493537313700166
3.205261230203151,0.25173500019454487,-0.0474357262828694
1.2184688855488304,0.24765150733019525,-0.03615508727400891
0.5398189930293665,0.24583459735608182,-0.06438492480980719
0.20324635495866045,0.24688042388718445,-0.054865007729459486
-1.1941720032636605,0.2457523352662936,-0.07032798661544853
-0.7121704303808832,0.24716472963202518,-0.07137372172412117
0.07107888308660251,0.24990129294866592,-0.053434181175628946
0.460385622212571,0.25081490127137873,-0.041217623868510876
-0.6648276868383487,0.24675832831253652,-0.050847657416483553
-0.9218407456908894,0.24811762757046063,-0.047490707557108346
-0.9559387651177917,0.25080529060961765,-0.04248326903152444
-1.0029677243471078,0.24996167064078922,-0.04292341755833554
-0.6209846334757568,0.25131199946583793,-0.03698026312846532
0.06849562912388384,0.25168922797022475,-0.03235776376589917
0.045827436085751835,0.25249553306847394,-0.030431673704359785
0.38717583945424466,0.2544302427731733,-0.01529861604814897
0.3407327663285244,0.2539537768598108,-0.015958902628318495
-0.2782343758770982,0.24947497557859766,-0.03483415893852427
-1.7704137100346533,0.24305257460267682,-0.0577819483001251
-2.404844539975101,0.24248862769348323,-0.08144427134957063
-3.115027238607272,0.24026270073577205,-0.08469105353291238
-2.694883883037871,0.240784757616324,-0.08969864025753684
-2.336478022038892,0.2411763691116242,-0.08799269311956143
-2.707575086388401,0.23931150287313074,-0.09569663889574888
-2.0177445015923987,0.2418630316065975,-0.07957329695769819
-0.8794114781608572,0.24516872021023572,-0.06889762001877661
0.35222475647679213,0.251522972429578,-0.02184693847544686
1.0111231400046754,0.2516613113560775,-0.02322277490052567
2.320475851582694,0.2573231573428554,0.002284709594527033
3.181797352681988,0.25827409738418083,0.013555813659500184
2.2600719956679276,0.2588602828650999,0.0009137230107866204
3.3332607896743367,0.25978174387807673,0.00021345690650364455
4.118044507575535,0.26178896595909507,0.00173648622770599
3.757903294094581,0.2610738254439924,0.003961641418653348
3.900150973704,0.26058233201281755,0.0011621229320318064
3.294498797910252,0.2590674484783808,-0.011832540641319273
3.037534194110865,0.2603292964299033,-0.004489967965350873
2.626308290345826,0.259235672572353,-0.0021128103407467673
3.43951277443621,0.2585500558703451,-0.007923427999584877
3.356052695234002,0.2594743983951311,-0.00021135013663511873
2.7194359559800922,0.2589598120741403,-0.002271229880594016
3.08275887676186,0.2597828803428681,-0.004278444033145017
2.7363771799603143,0.2594775903736861,-0.002482705398658913
2.700995064956374,0.25968288931602035,0.001795901912376584
2.3811495506608265,0.2590033919763526,-0.00295809694782066
1.885686158862359,0.2585469216820391,-0.006919799884490778
1.8484195967178707,0.2579061364372368,-0.005704995795785589
3.511472134396834,0.26044744848639434,0.00010507260878200162
6.1364802664843,0.2615578549477382,0.00828856968520977
6.6019328693018124,0.2625725354950963,0.0032590393190685507
7.5997309506778326,0.2629528180763996,0.0005155485396343291
7.248217372383185,0.26241138709774603,0.0011340530749348432
6.577213792427906,0.260904264849239,-0.010207107641005481
7.117241325679328,0.260399494851393,-0.010361867420718632
6.706352327776319,0.2610808519886505,-0.007062659528734017
5.4774953622951985,0.2597106208739779,-0.005670784853763418
4.557064556560665,0.2596521374592964,-0.012423992749536554
3.7779334658397534,0.2579763366752168,-0.019692786388745463
2.323652645799792,0.2577619514774445,-0.024538205430716907
0.5248242564534761,0.25520475882123805,-0.039437050411361446
0.49450891209956666,0.25571708254498504,-0.03495187969178717
-0.3861805879324855,0.2547533223237566,-0.0290235725216097
-1.7042972951223783,0.25418769427065735,-0.040364950353450196
-2.3853189244599933,0.25183772512267133,-0.04670587509110825
-1.2785075044785124,0.2535289632022546,-0.03840608355808794
-0.78302237436876,0.25317973592705156,-0.034539797655874095
-0.9335351401977069,0.25411914589309914,-0.04005561655461236
-0.6476843267649245,0.25367531073998073,-0.0350034736683014
0.37494732574041745,0.2551861672854383,-0.03443649334882431
-1.2017637795526446,0.25245891533518683,-0.031085457241542696
-0.5239692216082366,0.25350916470574836,-0.03902448282442486
-0.05727902505187845,0.25540858379539677,-0.028611096982950602
0.8127287726977345,0.257312458089187,-0.0170121971604594
0.6108187998792813,0.2569997788988103,-0.013918968902294247
0.06650173774155563,0.25493867272003934,-0.021651502287122714
1.0723313262628507,0.257258215772743,-0.013248766397368283
1.3394601344535473,0.2573557482747211,-0.011031929180972407
0.27089084804671054,0.25689761892718943,-0.006856212076782367
-0.04282867625458768,0.2571801899540038,-0.01087747215580056
-0.8055526262670306,0.25623635051302296,-0.011238194706913465
-0.5509294668455768,0.2572431232824066,-0.0073717385089486515
-0.528958024580483,0.25677147505564113,-0.007990467038197313
0.0426215906395951,0.25676861378272475,-0.010413449057947229
0.6012682695534117,0.2576983722314359,-0.0016496868947836175
0.8189170806398706,0.25894556657938517,0.0001539820253006285
1.122921710367569,0.2583498164520601,0.005851788380641199
0.1259714356005008,0.25575283640336366,0.0018993196588634343
0.38610648021400357,0.2547968109949412,-0.013448118506430623
0.5258319813675096,0.2549576558350479,-0.013756145943511345
3.2122981173620673,0.2632335123283207,0.001290295319285057
3.9280937709985753,0.2673478115330621,0.004773641429565731
4.261555003739488,0.2676357244425225,0.003605942498158464
4.571913865383474,0.26826179492598934,0.0008609205982478429
4.842665232014741,0.2667323192380455,0.002056630193233482
4.431214535886621,0.26669359968460804,-0.006026887719835918
4.783448348659947,0.2677102995467826,0.003395900333113013
4.388459691854972,0.2671318934058262,0.003651066596710154
4.717548385937748,0.2679417095599457,0.009958356296641284
4.47836213367518,0.2684224019216681,0.003861728527264518
5.434427745519094,0.2686271258373938,0.002378234336643731
5.6452748936269,0.2706313423233573,0.002296972705566594
5.803703157537227,0.2734092583994292,0.0017005014894466092
4.853639451089449,0.27182264421988056,0.007353377798378468
4.822113509384128,0.2713944008402909,-0.00179251873628839
5.447150957914963,0.2712608996236343,-0.005607258608671713
4.946691628621895,0.2714216004892729,-0.0024360628871226255
5.009456040696905,0.2717382779225759,-0.003125497736641793
5.4316642666825015,0.2728050888008622,0.0036707490263193573
5.632870151737125,0.2738485320406454,0.0038233789237991133
6.4414600425293616,0.27589090940033834,0.0022872444855913786
6.491902043933347,0.27709807976463874,0.01435362282833655
7.05462142727866,0.2786502149257932,0.005447393611458934
7.158201290030504,0.27897890734625896,0.003590786754414304
6.523424020665611,0.27786921935520525,0.0057363955098538935
5.294472902207969,0.27525889113989765,-0.004422747210961223
5.067074618468932,0.27392678174287277,-0.013093615668452224
5.241363335940486,0.2718041765672139,-0.028507737889074798
6.241954483519303,0.2753266397107892,-0.017779061360127153
5.578196581202782,0.2733517669436569,-0.014713552280749765
5.600715047320837,0.2767128668698591,-4.398017733768854e-05
3.9797032917536845,0.27489546276767673,-0.006656333908455942
2.2783886575330143,0.2708054215145015,-0.023690645186241532
2.12671303995043,0.270907625638686,-0.02850763011868987
2.6012728954034117,0.2708556474138506,-0.03827317121850301
2.8988874349390716,0.27182217245163565,-0.02662483013288695
2.0434560900331724,0.27010356040995864,-0.030653289732239554
2.757875071678872,0.2720468089016257,-0.031091506633090942
2.7532126246885906,0.2728296458802435,-0.024260018083653103
2.2067817862454016,0.2715240443101117,-0.020187606941497956
2.8736227185478778,0.2743513147948986,-0.008407836039213395
2.4566906274701847,0.2747224983357308,-0.011035375590928102
1.9711485304734977,0.27556122992394294,0.004641576397239291
2.8011825787783544,0.2767120851193752,0.0031402705187389087
3.385200425984115,0.278337156046232,0.006032636067996781
2.51479530532045,0.27560637250373077,0.0012065204642181936
1.703019316540939,0.2730839161454386,-0.015770935761831004
1.4845195231163644,0.27260733090248235,-0.031326608298935764
1.6909172504136005,0.2744680375182005,-0.020683413265799373
-0.38655508609418615,0.26745114272218906,-0.024647855817219944
-1.191867230283871,0.266034529967929,-0.05416465636649941
-0.2754363767373582,0.2709733022456915,-0.0396002961897622
-1.2802257560552537,0.26770965101627486,-0.04412439919464864
-0.6832975527652584,0.2707239859700128,-0.03912612202518338
-0.618419070686191,0.2699603138127191,-0.040634411909013124
-0.8083400001540663,0.26641108832413174,-0.05313058640684778
-0.12257366526557248,0.26845459017640483,-0.046580727185607476
0.44900979546466124,0.2691969985841631,-0.03753190106429598
-0.016302182892960863,0.2704141454933857,-0.03800588997958654
-0.6417982631283299,0.26525193956525506,-0.03378296859113573
-0.710261142001132,0.26823247118176097,-0.0460635885480755
-0.836897954476721,0.26578934676591315,-0.051191394371638214
-0.623022422726833,0.26293813818577205,-0.05334586515454682
-0.524980972509691,0.2635188748926436,-0.0727798187408481
0.20833167317916698,0.2670750932666339,-0.050071080382119444
0.42251925427300296,0.2691283939779945,-0.04184064989164346
-0.9493096056911304,0.2591709068281527,-0.07937272018032009
-1.9269237570139017,0.25494435296292206,-0.11927428368482046
-1.817230359897878,0.25634393656619925,-0.11785235960511387
-0.9034132978383274,0.260465716968459,-0.09484222010163461
-1.4635498751637543,0.2598371863734821,-0.09142452341975121
-1.966079896954025,0.25693947831891917,-0.10919640637490666
-3.0626524477605126,0.2494977523101205,-0.13583268362165843
-3.479976357494949,0.24795813995584015,-0.14737791439204526
-4.322904532159399,0.24380759972122834,-0.15905307342757344
-3.350897533197489,0.24710952859237834,-0.16990649313793835
-2.774487924737666,0.2485353307932594,-0.1569341628666902
-3.4407577536948994,0.24273728005815864,-0.17539801652948261
-4.53833125063281,0.23578545191264766,-0.2153091287912119
-3.794418080518032,0.23551133692036363,-0.2204981856146011
-4.093298140700599,0.23182429255467207,-0.2363674969990135
-4.704821584755549,0.23357166859968714,-0.24350219730575917
-4.326065483894257,0.23315421151613713,-0.2442803919668861
-3.8603130741618203,0.2382771108962023,-0.216087540505765
-3.9285292662549485,0.23708736685957632,-0.20955813856112143
-3.591983721115102,0.2362182008307876,-0.22023866740346706
-3.096357337797803,0.24087407619770418,-0.20030470529270702
-3.965394646633611,0.23451091808528157,-0.21133108657200422
-4.386203232077866,0.2328447778547149,-0.24423705730977885
-4.404871462486848,0.22772504231926716,-0.24549114885467974
-4.774270315575431,0.22851623679853983,-0.26451722905726377
-4.580894104476808,0.22761538130276104,-0.257166352115313
-4.160839001854932,0.2278859190653657,-0.2566044479120793
-4.0273423360255665,0.22926923894175788,-0.25379345596017744
-5.2310703093561,0.2246957356599537,-0.2688845247948648
-5.804213663793552,0.22330682040646743,-0.27204103824396947
-4.553314416455349,0.22496255074569804,-0.2755870578815175
-4.597194485363026,0.22052645642551294,-0.2759328270693689
-5.382470766226406,0.2169425493143513,-0.299023513583816
-7.028108508319515,0.21146348035175477,-0.3161034846010704
-7.485804197218956,0.20782495663483624,-0.34468565783363153
-4.693456837757333,0.21691923935746615,-0.3201250704649893
-4.033648748099928,0.2159313489855892,-0.3221139561168715
-3.8248085568515906,0.21589562328160317,-0.31454697158221445
-3.103847954982279,0.21709305565090609,-0.3109146380843591
-3.6422324360101466,0.21714191270558114,-0.31311989543790747
-4.956381097772969,0.20291783126738094,-0.3698951629179455
-3.462210312426569,0.2084221737069556,-0.35765783594446376
-2.792328207158981,0.20802215640816035,-0.356447194269223
-2.425081018861218,0.21045754707806585,-0.343518104080899
-1.7129966575673774,0.21262042325048514,-0.33179987523289944
-1.894759034834054,0.21294689772796693,-0.334221422471818
-2.02262594462976,0.21151731951942931,-0.3353887839699053
-3.020748014615911,0.20938181997292915,-0.34589648292394154
-2.4996509174668216,0.21199883071901193,-0.3367294162102242
-2.1852020809776116,0.21352754023295595,-0.32596238314532955
-2.755639239356231,0.21421999735856634,-0.3182655591710102
-1.927484513794206,0.21494190415974934,-0.3173140851656426
-2.119461179526352,0.21179098112747452,-0.32228692632569395
-1.433576903809729,0.21222972154615438,-0.32916228056644187
-1.7024291811424321,0.21106174351882423,-0.33201620572776397
-0.9628605038492463,0.21532928756147696,-0.31623313963817734
-1.1780828630663713,0.21397831703606718,-0.32401674391669805
-1.5636182421383282,0.21248004714300772,-0.3162331913076182
0.2221282121888269,0.22125209886308506,-0.2815541221788149
0.4985789543191024,0.22211196519312382,-0.269230639080446
0.28995968402493333,0.2220694845302753,-0.26931708333135945
1.2977742951318796,0.2257394652065554,-0.2577284052708214
2.03485643082539,0.22792264079211844,-0.2429401034890654
2.8004643833271206,0.2278590961075695,-0.24082111418511523
2.944943078204038,0.2251684137682639,-0.24786921932926645
1.8791495173491366,0.22521797913124386,-0.2588877820891655
1.8942064608877343,0.2243328181680473,-0.25649911639178147
2.0517190552178066,0.22537969562408144,-0.25741113725615294
1.7810638332755009,0.2247108690626829,-0.2509840793493214
1.830092944512552,0.22509181959566216,-0.25628200526021677
5.3297439610501955,0.22468406126728602,-0.25437130514151784
4.527815620988935,0.22497753457832803,-0.25550021975186255
4.801059595036633,0.2257312770758313,-0.24733623109518602
4.079999596767522,0.22486333120092117,-0.25146187722247265
3.9294434456239795,0.22624628144660086,-0.24872584908143155
4.051878710885211,0.2271125878104614,-0.23626272042255445
4.415390416617648,0.22708056649216912,-0.23873801475908119
5.091302360523277,0.22738686725750124,-0.24004062587219518
4.146024655726414,0.22595156636847924,-0.24043163711193202
4.098352043355157,0.2272453872078397,-0.2393892916239138
4.070263943592877,0.22780934751139736,-0.22809854737503668
3.8114600413916144,0.22745591570354917,-0.2356979760564166
4.508317023372324,0.2265738915448401,-0.23791252369191682
3.932804154873624,0.22490802276962873,-0.24247245021150737
4.303957348991477,0.22511766926988797,-0.2484219930437333
4.327995439160555,0.22956763213322473,-0.2221492456199777
5.040157039308512,0.23095591862354325,-0.20673258482271628
5.613914719765659,0.2314371314271928,-0.2039969854539594
5.495190889335114,0.2328097211009872,-0.20052264807301334
5.7184851328775625,0.2344337468553599,-0.18649601453490555
6.168336702304017,0.23568630880923136,-0.1818930750896741
4.7524925776563345,0.23450476029048817,-0.1792872697651021
4.443010785522904,0.23556068411976727,-0.17711611261143917
5.421694574658493,0.24031328851970502,-0.14741232131725407
5.285327704868421,0.23738239362382219,-0.14150652242070313
4.554348897420759,0.2356357898512822,-0.16630281233254518
4.302101826509264,0.2341314148249527,-0.16239443939156287
4.3162963844968,0.235218832383705,-0.17594371691081687
4.580175178537913,0.23528413497805767,-0.17681203526301092
4.6999843213928525,0.23604191999753676,-0.17455373200162225
5.105981861635431,0.236835902802091,-0.1676057757398364
5.538513616344896,0.2386573119021378,-0.15553328059373456
5.555279691370515,0.2394596746714035,-0.14667440785514085
5.935326571212253,0.23957863981629424,-0.14723898977929986
5.768094673086074,0.24035912937213766,-0.14406867696524048
6.053579677677035,0.24233976411069813,-0.13047625485783607
5.872328057033727,0.24182113566766672,-0.11909839604470465
5.980788547848544,0.2424569470959983,-0.128261362348668
6.0739575487829365,0.24122065009418003,-0.12713237035950647
5.612448398833068,0.24105193113880508,-0.1308669195576706
5.4704738133423865,0.24117933828828475,-0.13212626408262654
5.565480386374987,0.24107797720422708,-0.12552586367435248
6.571950618027576,0.24354566803437394,-0.11679688683438627
7.458423812097708,0.24391044642849136,-0.11345316970958512
7.503062595751164,0.244234018311567,-0.11002239691104096
7.325745207179142,0.2460372023885491,-0.09781960029291274
6.704088671511065,0.24571327758984984,-0.09464947429501815
5.892321368004082,0.24437569087282385,-0.0977764180901512
5.121450277785554,0.24361967100590953,-0.10976196510082364
4.634108707775502,0.24370668028915876,-0.10554960934544094
3.0419395615161453,0.2409963970404927,-0.11671018665967992
4.590611454686476,0.24728315629896036,-0.06498954663023246
3.9986012502153905,0.24629217806230086,-0.07654083676616812
3.41280339311323,0.2478281820165349,-0.0800581300893403
3.7086330871715076,0.24563000325199003,-0.09308628911579853
2.8994266076881416,0.24187069708145081,-0.09925277311341013
3.357785638998501,0.24178255535724502,-0.10828542778161983
2.5498408392856424,0.24023262497189646,-0.12417945305555125
1.9170001078062786,0.238268595384993,-0.13314343865074652
-0.42255738909847723,0.2302484501968005,-0.17399073509679513
-0.15013741442235004,0.23220856931035438,-0.17303171596356365
-0.22669311721028362,0.23366905823570883,-0.16409505327155005
-0.5622705511547166,0.2329780488313622,-0.16095623436053935
-0.7825026852045966,0.23211837888391518,-0.1678004573480381
-1.831869701010307,0.22783712286504132,-0.19635421775600168
-1.7224429764235092,0.23022130837745158,-0.18044266361970837
-2.1820035910266564,0.22740183976376227,-0.1904253864266828
-2.797490463943401,0.2250440627589274,-0.2129631985970834
-2.6764681017070586,0.22443648236919178,-0.20598847605328421
-2.78097514633216,0.22379128339302135,-0.21274522735002546
-2.967158435048301,0.2230639090802493,-0.21815091272510703
-2.8175450552015695,0.22363361963212314,-0.21867401373410877
-3.924576964977006,0.22115126729495693,-0.2240795236188261
-4.319953144903162,0.21972910225748254,-0.22438477498602835
-3.1382185468108967,0.22429532362365556,-0.21605852773151624
-3.0845030054929423,0.2262763044001106,-0.19356415014178632
-2.6240488272511007,0.22807095492795515,-0.1914718387234599
-1.6490637732508295,0.23139500841086869,-0.1633538217223389
-1.201574948800193,0.2329478595074601,-0.14831413815631778
-0.9467523110307079,0.23434612921045828,-0.14556756202369808
-0.5581278033014508,0.23381952380704396,-0.14569852652515747
-1.9918694523612155,0.23368355240287775,-0.14212365546883446
-2.0121926109375954,0.2326221412883951,-0.15607361524121358
-2.2077081327222015,0.23329064349226458,-0.1501015301208467
-1.0932957495467202,0.23622103690762808,-0.12686625113070643
-0.44980683537551797,0.23572809498260638,-0.12865340497369038
-0.22754365135906449,0.23666493439603875,-0.12547128048612258
-0.021110204316969566,0.23610824023562738,-0.12442484470109759
0.345793443061631,0.23586681060000436,-0.12743293206024417
1.9169234310740388,0.23376439499806723,-0.13135641083159053
2.0886544621484817,0.2364470354208139,-0.12381458298998496
1.679305245848424,0.23629791315862092,-0.12128607167122389
1.507776860687357,0.2349945791797985,-0.13030985894891234
2.29781403226643,0.2372551684644153,-0.10855667918649964
3.885637660841854,0.23790664921866123,-0.11448549590088707
3.5514241497746113,0.23887324158459577,-0.10877492255814672
4.515401286216205,0.2386473295621363,-0.1059849813506273
4.3082732375903205,0.2358228490694012,-0.12202722395526626
4.72096152274459,0.23650477646864365,-0.1215476813525816
5.291338091400198,0.2376759616023787,-0.11186992428074895
5.166269097600222,0.23661485468451104,-0.1089925841882324
5.259247370169563,0.23750061379317966,-0.110692672312685
6.668868285235847,0.238607176278971,-0.10254099857263073
7.0653173325168055,0.23804590008770798,-0.1014945918887467
5.895124259528046,0.23720291126032755,-0.10594143730927527
5.7431200679644085,0.2385607490826076,-0.10249747889532117
4.216460287391357,0.23649786400842365,-0.09979443937245357
4.132415531095474,0.23932195644488297,-0.09661233279246109
3.93904958790948,0.24022339124257241,-0.08928826098282552
3.38362181207246,0.24000652787044396,-0.08824229502901783
3.1245735438863793,0.23886511833137214,-0.08785012748453996
3.301483133049674,0.2392052651206864,-0.0857138695116296
4.119425740096714,0.24030081235150136,-0.08174689792385341
3.609392753813355,0.23963201527871014,-0.08383941183497395
3.5213080114433946,0.24214227885154638,-0.03497101735027847
2.433162632355596,0.23919380278032132,-0.04953136039191259
1.0595317713646297,0.2363182767013552,-0.10009975691721999
-0.8093756305323759,0.22928748662666254,-0.1340154324853457
-0.13611301692908945,0.23159108067567669,-0.1365438309528978
0.7058229748941975,0.23280938340101143,-0.13004860535275595
0.7190577713209627,0.23551085000639893,-0.1127418636453287
0.454605262699038,0.23433740916996126,-0.11274026647715345
0.6742785189126677,0.23390316858490867,-0.11584715901599389
1.3456387329462909,0.23913851898861416,-0.07169394603334282
0.25391350218830283,0.23513612837976838,-0.09663697266732049
-0.12895638727606143,0.23438662458407777,-0.10232532662978826
0.5628221110048056,0.23727779990425235,-0.09348619149450352
1.6817833736879326,0.23954823023337535,-0.06911224236064338
1.5111498981102591,0.23944454065854393,-0.06639914975614196
1.5368700067543117,0.240723929337755,-0.06508678841865984
1.7260676894624598,0.24050453078234746,-0.06162954051369095
0.17280898708280873,0.23431447808187822,-0.07208820467011016
0.4160173234655164,0.23662077310437968,-0.09335490141053483
0.21534593253630938,0.23505774955880177,-0.0874036342961913
0.528486815054198,0.23580728538920015,-0.09978738437336936
0.6660313913762294,0.2378522405136787,-0.08403405390416722
1.020297561838973,0.23757783964984136,-0.07908955121430633
0.0671204911469921,0.23559048320571363,-0.09427391228862833
0.30006188057951166,0.23763702288278954,-0.08333405690347613
0.80863043503736,0.24001102287134501,-0.06368609928002705
1.008540295101263,0.23988946879872342,-0.06171712790957673
1.028301554150842,0.24032606387729416,-0.05287786598021644
1.0888528971297704,0.24172291192372453,-0.05138988198631957
1.9355186308703942,0.2456345314775188,-0.021064684417892388
1.3987458707030633,0.24523444188087806,-0.009206118969501837
1.4580982168602303,0.24259983785764727,-0.033842392657659655
2.157914251472068,0.24316177710749876,-0.03673053666887655
4.124315535968173,0.243516736896485,-0.03371119472479128
3.8829906407618067,0.24460328742629533,-0.02482830379441564
3.31862847062621,0.24344595986415407,-0.020846027228118305
2.2483251606368087,0.2414502918330168,-0.026097214628575366
2.640624993757516,0.2419206625726369,-0.03799965331938926
2.5710299870509896,0.2412016304000928,-0.026403265091769067
1.9287077991032557,0.24304403500860783,-0.03073554571091755
2.9038103062167835,0.24227273680959294,-0.03318611048665253
2.908134466073639,0.2415399902697435,-0.03309840821772638
2.9066179491327317,0.24440195245019924,-0.017257825502162722
2.4079164488838747,0.2446444373491754,-0.0013296007195281955
1.4535527861469637,0.24129313305944788,-0.021633925711419123
1.3794265275296027,0.24226205628159292,-0.03309842594207997
2.2390356693028064,0.24568086236513476,-0.004523966334532317
4.451616264838117,0.2455976514602607,0.006153395729237682
3.2855377986273107,0.24398252292835165,-0.0020297857875379625
4.2168352598231795,0.24535829750380045,-0.003211210340021996
4.443497742072272,0.24695624318552079,0.001521170451068336
4.671305513369186,0.25020046802064355,0.006053903878481694
4.665165108001581,0.24990277253815618,0.008128307834656262
5.263166014234194,0.24949108191594127,0.006096006692509538
4.497829542881002,0.248861352807495,-0.004106703979153233
3.9871119057174487,0.24924360560195868,-0.0002540736677470933
4.184867311025756,0.24974260476757304,0.004949021406968605
4.6205560274678374,0.25182639814820695,0.0019958047369814476
4.083680513971334,0.2514199080295767,0.007026716575033043
3.61766419964978,0.2530097967448479,0.00024678353150056414
3.7904508609193495,0.25310548301207736,0.0050086263713443385
5.3953260617507075,0.2545562709926015,0.0006082970856133336
5.583449411432126,0.2557164206621658,0.0008030393326300595
4.067601535500693,0.2526104858515841,0.0028107188288849783
3.6916900285795906,0.252480720969984,-0.015057184199598438
4.833045985593996,0.2552209392930831,0.0004816275344972409
6.432657106924642,0.25868572301138926,0.0004299325635743296
6.511634330826295,0.259407208056325,0.0013592470039441489
6.678015009523974,0.2591058725174955,0.0026796903348996035
6.13299809956223,0.2590435655925627,-3.8973024496237844e-05
6.844972357125119,0.26039544584087837,0.003546287837598444
7.223532216109453,0.2606277955263363,0.0011531781966497897
6.810517323988692,0.2615199806945754,0.00102970633524872
6.633685072728808,0.2612847563169258,0.0022504967719909038
9.031689996208367,0.2623876067630899,0.0011721463952921486
8.135962005210825,0.2613807536911301,0.0015502583022093245
7.878015005025119,0.2627736491431918,7.521452790997886e-05
8.144036574610041,0.26329882396406723,0.001235442024429352
8.864439498450862,0.26279167718780183,0.0033698764759134176
7.4017287930571705,0.2611771887908485,-0.003818719258419592
6.522050808472145,0.2604862820335614,-0.011568750284720456
5.599066753248645,0.2602572016877909,-0.014676015703636885
6.4208390572835725,0.2623571409482448,-0.0024708119548828194
6.0467500960926435,0.2612393336395362,0.00022469539138800796
6.906182318373394,0.26282334316067724,0.000522754817622115
6.557765233001937,0.26242400612383787,0.0005972214925000515
5.54425809499763,0.2608249121055448,0.0015307375737653554
3.734698414644781,0.25842095614923966,-0.031025917786966728
4.2435049991562055,0.2594211182470194,-0.016913195277901936
4.285897245531734,0.26115574333540503,-0.00728066453430545
4.940289269755178,0.263473012732482,0.0010712886634256197
3.6716577532474077,0.26156141721853543,0.00033255819761535376
3.5080708544223986,0.2621848566081024,-0.002364086668187845
5.32354825199724,0.26314711521190004,0.0012188097028252324
5.460939537153013,0.2633527867855818,0.00405218499278428
5.225003053964386,0.26495185614575667,0.0005451350165787762
5.009581122538211,0.2669938480350589,0.0033231731652922014
4.77450556834421,0.26712433391237256,0.004849988708681171
4.716212338674444,0.266700213080737,0.005313630823944291
4.748781951633819,0.26670813592369,0.0027459628742315285
4.064085449295365,0.2663251979357495,0.007988297923943474
4.6433821755852565,0.2682646789638805,0.0008802816901407837
4.297092472778489,0.2682656126737746,0.002181115343610263
5.155891509442482,0.27064647517953855,0.00024147950513746518
4.67716084444132,0.2704770976186677,0.014004475711702697
5.404963140505573,0.2711096067498109,0.004013492974162774
5.218981543043575,0.2719155269430493,0.0001021582834000448
5.798599270397811,0.2746698295898713,0.0008323622271339709
5.367344449955508,0.2733014111152974,0.0007656398254227921
6.51750259714755,0.2741905552223396,-0.001298711192606768
6.5028385936565,0.27346756043855924,0.0018309104283322597
7.232310573711701,0.2753783127458487,0.004122827236830076
7.300314487292876,0.2779363536962547,0.0025836895015117177
7.965472483102136,0.27810040495780575,0.007540447126348905
8.131391144836845,0.28067630048515135,0.00034709702204242224
7.291473095393491,0.2788145241336921,0.0019246700176745552
7.823031759662618,0.2781422614803952,-0.0046063126442821645
9.993643757139495,0.2796057056379815,-0.003975100079190575
10.083552623509437,0.28088591988002976,3.1309408285782666e-05
8.858973835438336,0.27989298788675354,0.000909497189962015
8.308854848197308,0.2802224807000748,0.0039531919609551635
9.91755214360718,0.28071000176164707,0.0010336953322342378
9.307507687917687,0.28021707828011855,0.012843367610267234
6.079106605600895,0.2762968727554056,-0.023368832177089682
6.795220439214893,0.2797193514280789,-0.0025999876028929706
6.973934125081601,0.2822327095971846,0.01082200716919401
6.264065444887674,0.28192227771652134,-0.0007708180369163438
3.50605286484292,0.2760355572810782,-0.005118107851162151
3.4927612610023226,0.2755646774155165,-0.0334524388109169
4.334321246728057,0.279560726078524,-0.014490833519880906
4.67481011595209,0.28046785380037886,0.0012951427748677038
4.550352419992042,0.2818207140626199,3.077939143311598e-05
3.995723768442909,0.27995779635184204,-0.003205331178999219
3.570897459559921,0.2804346237203903,-0.008907649340441328
3.3706562372074953,0.27954296414821145,-0.0016643676828124628
3.849705931419284,0.2823958409174139,6.109111529994787e-05
3.3728972984928833,0.28136384426593586,-0.002995277348725543
2.728877295598674,0.2812703352257113,-0.0037287963235194442
2.410363154004808,0.27880625543552773,-0.022769308565934183
2.597776096835656,0.28050185933877114,-0.008038235098019644
2.4078006908569463,0.27907360023052985,-0.00779364986586789
1.1775790946126117,0.2760608613452391,-0.020629856668304584
-0.8260493890424279,0.26982214130818893,-0.07035462352669951
-1.7417025309819745,0.2653919301476073,-0.07539744173259812
-1.9056224570576696,0.26724173544928465,-0.08960914473129884
-2.8523929043130885,0.25870366176247317,-0.12591695581060908
-2.765776586088999,0.25851774292545326,-0.14911385018161352
-0.717717893234638,0.26949317419009744,-0.07872869305990578
-1.4813453424706282,0.2653451913559097,-0.07090464129357855
-0.49809999673919836,0.2708906449193176,-0.07273877870441377
-1.1019677240458523,0.2666535026557464,-0.0845050528134899
-1.408018528272803,0.2648715359311131,-0.11118605648226373
-2.4667278522104046,0.2545468282789072,-0.15009183662675987
-0.8341817504010692,0.2630429673558763,-0.12457235937363283
-1.7446304565404622,0.25854797199261537,-0.1405258682125275
-3.168322910464016,0.24564520186082484,-0.17481691007379757
-1.3574594105416777,0.2594573195137835,-0.14449896789060016
-2.0997852702866853,0.24243404726741868,-0.2081909414442417
-1.591888134031258,0.24758602683432795,-0.21268371549718182
-2.19261163837579,0.2444494412271152,-0.23594158750332395
-2.3581729562117206,0.24340543792253833,-0.22726184302262872
-3.0784271749535757,0.2353326505202904,-0.23034855141078117
-3.15344955819434,0.23263507720082277,-0.30165055214403785
-2.0452200702766383,0.24413012617566698,-0.24300140409004106
-2.040265079811548,0.243351968749286,-0.21072747406430045
-1.743996082538966,0.2495022892943266,-0.20941344396758316
-2.0492170591104473,0.24423689006418892,-0.21800128748330166
-1.777090056709285,0.24755941605967768,-0.21907113221963728
-1.6290645316260577,0.24720332278450785,-0.19776911146396572
-2.2259271526830604,0.2405272721388061,-0.23985346772212274
-1.9749279916315856,0.24243030330359971,-0.25076422227506145
-1.9018017339589863,0.2405712039387684,-0.24908330885782193
-0.6570296540192684,0.25063522543233696,-0.19587425958538418
-0.4632100128862552,0.24910643619234052,-0.16962108949713448
-0.3765503721810703,0.25208105949851367,-0.1828547490700022
0.2680886672215899,0.2528500445127113,-0.17460283226065149
0.4490312560055586,0.2551160055132933,-0.163508344998722
0.0688695046864325,0.26104338061031096,-0.11904046459880487
0.27973147541734933,0.2598050608632365,-0.12490858013081824
-0.07867955670329552,0.2606634322801491,-0.11919347682918935
0.0992562996572619,0.25887625183298435,-0.12301361755247207
0.028560989638710586,0.2561990917851811,-0.1391200305460367
0.4981920853311481,0.2522600710040921,-0.15265911020400047
0.07974794065308663,0.25561180552407814,-0.1506724364412572
0.3906750611211968,0.2550281104055776,-0.13890598722385294
1.7867331906415789,0.258391422401969,-0.13505503558089338
0.5654521212368905,0.2583663194910004,-0.1303790385811077
2.2792016696731787,0.2562612045472863,-0.126436861082332
2.140475413796962,0.26009475197334164,-0.11470074121408233
2.821025407428549,0.26253573855864243,-0.09984733602128754
2.6877893319968966,0.2604381884765792,-0.08618601356072773
4.082359252884455,0.26204276751990285,-0.10241460840497447
4.70765118304401,0.2637519000016555,-0.08007353748256706
3.8191132243256294,0.26489455669575546,-0.07322773088765719
4.120771714499094,0.26604075200272104,-0.06732899402922589
3.734795908246867,0.26881000591003845,-0.04893046639865008
5.0892228146492755,0.27061102661243863,-0.0283978450623925
4.294483151118581,0.269083489245465,-0.020307674606624592
4.0647537414526695,0.26747891824725434,-0.03176899459589613
5.777006027639073,0.26811374088728357,-0.050646242570641854
5.258776414280005,0.26727262042642774,-0.05643804916651902
6.1457324697453295,0.2700089261597809,-0.030083492885739232
5.150837393819432,0.2691829227290081,-0.023893076379401246
6.064658993226088,0.2714267132377204,-0.020828825554228905
5.177003802517505,0.27039310628073654,-0.016630232185604842
5.155283132604341,0.2710626882505047,-0.021717458719201763
4.417227063278905,0.27011435076494794,-0.006364094759600198
3.4980649128024695,0.2705301016004862,-0.023310687179173242
3.841212672650246,0.27046772722615864,-0.008815480201224662
3.5523280936663553,0.270232461843372,-0.01583347006200314
4.456185945901521,0.27161056675538253,-0.012156096226336701
5.53430635267359,0.27205876909802074,-0.00881575485543152
7.567945395857854,0.27261332216173684,-0.0003577577702775365
6.315151810981087,0.2714394182471045,-0.0021349365141281416
7.304749540183992,0.27475640167978255,0.000754147812971396
6.7534823640650234,0.2753600781221286,0.00041988440000415754
7.541917049491589,0.2790522978999155,0.004709425166946664
9.29738066821026,0.28205270819079775,0.005469880670594496
5.205498885962226,0.27589768351768007,-0.005044848495374137
4.880232673900093,0.276831090308129,-0.014284441482690126
5.976133627614251,0.27821697963226155,-0.020292608809047975
6.240903803768511,0.2813038237079202,0.0010201182808622646
5.712026934467144,0.2810123764555552,0.007255523649089903
5.384131646948968,0.2809406897118032,0.001728857601766174
4.826950389481093,0.28011817296365926,0.010542723045063119
4.873927841781339,0.2831637715477302,0.0016440391950236334
5.00722194616846,0.2856355677425748,0.015960511071395712
4.73419611015648,0.2833270428419461,0.006165821259999373
5.62168356553464,0.28482334091591865,-0.004174353411010559
4.112062387759751,0.2808785796061204,-0.003301108692346042
4.920647911696947,0.28354706158220333,-0.011895412149010893
4.551909011868078,0.2844442162857235,-0.0015002807401265671
4.68656610149352,0.2840906318240697,0.0022648034783706267
4.14509583422698,0.2839691514281655,0.010749830613037479
5.096393522462948,0.2870820119039681,0.005162478652593185
4.791758445080842,0.28657823720286846,0.012759242024539782
5.642851045791971,0.2892796187796449,0.00034088912205209877
5.641098331552044,0.28968260140344637,0.005900574894713102
5.684012319939612,0.2897732097389887,0.0006255753662817095
5.556551369978426,0.28908218196590263,0.042066480178453325
5.661078094995799,0.2909720213816429,0.002034819578570857
5.728029056978297,0.2916888841651579,0.015579422954668428
5.11305975424964,0.2900456119654815,-0.003274348111547394
5.344250840892537,0.28967403875849107,-0.005909135162097367
5.204808271078521,0.2921065046726885,0.0014488151255119832
4.533272222273903,0.290278641609389,0.009074047930100398
3.845830231586256,0.2904982678703978,-0.0038889998516970555
1.552733337824719,0.2846857698500256,-0.013013631400914985
3.1986992929203795,0.28426263838628096,-0.054774669812197224
3.5893813627519124,0.2869956819182715,-0.03510153069838832
2.6607140700410503,0.2848558213838468,-0.03871067777285022
2.4811476980974083,0.2870469542324825,-0.03179708284322005
2.8825581119211154,0.28839106452174224,-0.020943928823451866
4.146291205068564,0.30046351767443036,0.0014586747240806755
4.770014497001183,0.30339989778288756,0.024784825686675255
4.407264501859557,0.30409083047063357,0.0102585144814485
4.058576663862101,0.30440700462142045,0.0029983130589863872
5.145764500161561,0.30851027308514856,0.0044775325618637285
4.288316283229532,0.30553938039966155,-0.00019781333709712994
5.420711852815616,0.3071887473220931,0.0006816672785245369
4.163946130396459,0.3033384776947792,-0.010686052560950857
4.596454713556655,0.3072352225947712,-0.003716030060772889
4.993718717443953,0.30926855136589726,0.008977490666247635
4.973694996703154,0.30902650116816344,-8.718553730816726e-05
4.407148928449011,0.30857225456301274,0.009368536267376614
4.653611583970438,0.30946398349904536,0.003785830178474919
4.226965803051992,0.30948664368485757,0.012574827675540039
4.569300273466711,0.31206269604658465,0.0009934500415125596
5.341956479958948,0.3181476283239981,0.004000141091959731
5.691688036741663,0.31948657251197554,0.023260477411002727
5.174372630623946,0.31832853237482794,-0.005383095350857241
5.3035442675677755,0.31986732400663076,0.003714763967706042
5.312239621038728,0.318240291949363,0.007607269938442587
5.321149714486681,0.31790385350411876,-0.0006324052707092207
5.51179017493868,0.32190098394088396,0.015189141474310854
6.506701423601675,0.32661802792790295,0.004620736397524571
5.930237940338604,0.3238754753116557,0.028319927210160266
4.782641129440699,0.31341795530185035,-0.039797315605536975
4.841739232982407,0.31336619930998877,-0.07810412545875745
3.0104265404492767,0.30468718407216344,-0.11320616559192624
3.8612093179199847,0.30934684146950264,-0.11208829522463308
2.9938325879942504,0.30515279422019437,-0.10195263526865225
2.5987010098166246,0.3034101942093095,-0.1412280942808173
1.7141155464012878,0.3068917819175305,-0.1360114240543713
1.310683942566285,0.3069525493325733,-0.1143986023003387
0.6555853290993565,0.30316710798072743,-0.13548968513374351
0.3122853013455566,0.30108057836485225,-0.16380986943691606
-0.8479662511667141,0.29704120531813016,-0.1736474534479348
0.07690776941450857,0.3005401604973572,-0.17878969527910904
0.0972600047204193,0.3023082303608897,-0.1588911872503068
-0.11184501512953975,0.296983232895607,-0.164480647246563
-0.5118288769309741,0.2980951088154955,-0.17834260582863407
-0.1650826621549921,0.3024358143037238,-0.16202119531511225
0.25276811785516534,0.30517564088053684,-0.14055737055711692
0.1692757926776893,0.30412345122025597,-0.14063211861411923
0.28177579123222246,0.3058144876569018,-0.1260992510036964
0.4020848360527708,0.3067107483060454,-0.12267106127927478
-0.5046735383413244,0.30259662240566265,-0.14018488188779693
-0.8750800794400051,0.3061503649028796,-0.13064552870208568
-1.5562203349543005,0.3024924088710266,-0.13459537917211253
-1.1225680340902968,0.30440456330279586,-0.13884340999469932
-1.3739031613043813,0.30416076779568413,-0.13250864411279012
-0.872820660791841,0.30612447077998906,-0.12803723690349458
0.20930381951782195,0.313488095614044,-0.0670742614648304
-0.7480504163339994,0.31008159850009975,-0.06550915228545778
-1.4072335002543397,0.3100416281267391,-0.08309735205615222
-1.139885456688931,0.30942911074760415,-0.09673586296084505
-0.06267620062201837,0.30758811953133836,-0.09412738226728722
-0.5366572916414533,0.3043264152967382,-0.1025489523242498
1.0167851950220788,0.30578408307028826,-0.11328069985183059
0.11488913296567696,0.30499554949180196,-0.11529299058848444
0.6099948875628046,0.303704694161153,-0.1202862898191722
0.7624015902524168,0.3028353416157976,-0.1313907933239337
0.12472246147090157,0.30271927370644947,-0.13139067465339027
0.38437325926698374,0.30420643632939304,-0.12595030926248033
0.016707000814663277,0.2983732589057877,-0.13973767400515258
1.1032786171744273,0.30262240777329463,-0.1285588075212004
0.5733049028518499,0.2955758974229281,-0.16537493036394216
-0.0326128902600961,0.29535394413483074,-0.17513791423708702
-0.039810415169758244,0.29705477491089693,-0.16910132324542168
1.6154471038710652,0.30173168654358395,-0.13854552609351017
2.0696942461410948,0.3058018071430717,-0.10851104635880467
1.3531146794390747,0.30553739914957045,-0.11010850502845425
0.4728376554339477,0.3029844909277426,-0.08927964840612743
0.5653102127558752,0.30249651972956526,-0.12212811597860776
0.8589629505040097,0.30596372234765634,-0.10689839940051662
0.6454534454330564,0.3055541632010699,-0.10017948599794982
1.3315948980350256,0.3054774089619532,-0.1065997306340118
0.899612318888673,0.3063938955355332,-0.096745121207114
1.3705383738162398,0.3053541704640832,-0.09913411846322688
0.7672326021926535,0.303852647443015,-0.10547994820880209
0.8977953623515443,0.30434446275369686,-0.11115373339540095
0.29340325883248397,0.3028980939889183,-0.11331877838619367
-1.8947389255276188,0.29916364342718293,-0.12190409636124741
-1.0016563632680453,0.3004157078850096,-0.1351179930007204
-0.8370059427374675,0.3011796362405519,-0.12839897237299816
-0.6246561578289805,0.30162987262179697,-0.12287457662095394
0.21845984660286197,0.30400033944292826,-0.09689455860784185
1.5544198785564545,0.30750978970808873,-0.07823064799242817
1.3167478927901282,0.307733363621971,-0.07897726747123747
1.4216357529841661,0.3074694247734244,-0.07591637884394432
1.5204733282025582,0.30666814422734556,-0.08278477113918815
1.9591714817012447,0.30800102130005924,-0.07001857098373553
2.078954825695341,0.3084815112308632,-0.06695778266306508
1.2391200975035237,0.3058271445576617,-0.059716151251288874
2.848645542166493,0.30712477764260004,-0.07524451709236323
1.803817123962994,0.3061904242066795,-0.08353126829907634
3.8038514296931702,0.3054480455565318,-0.07912652545710955
4.8536092697320266,0.31116429229693,-0.04515827690361071
4.411195034666065,0.3109699608171359,-0.041649734126545095
3.691353714743983,0.3116721546445427,-0.03261639615263951
2.1913035054848504,0.3096320585669845,-0.03619961137200226
2.6145562000817133,0.31097682588271214,-0.04209756253896114
4.1534607015532545,0.3142082621424802,0.0034424567783094416
4.007918938490292,0.3132398743808229,-0.011339693603896375
3.437892959518571,0.31403023933760976,-0.003649827816763427
4.425635640135214,0.3181137823505087,0.004755240945752344
3.9246753351914028,0.31637425944991393,0.015363342180479364
3.3676536054436026,0.3152177422531519,-0.005121318913975543
3.362825392329543,0.31416246929958813,-0.014266216412663846
2.8630521795536663,0.3110441151896539,-0.022532974776890386
3.0630677478336246,0.3123817691124706,-0.03621327087306865
2.2590838413446135,0.30817459645281,-0.041261277385045446
4.0736170982472695,0.31204252283097555,-0.03701819785578612
3.996573562547786,0.3129387189414723,-0.029702430711368254
3.025490704493983,0.31000849846249756,-0.047699495812430694
2.853564454703796,0.30971505786575393,-0.05121084635021776
2.739911197103858,0.3115020575235954,-0.03833535655436133
1.5195922808368851,0.3095621088588565,-0.04162691626796098
1.0427089916645342,0.3077943619566259,-0.04733354127102939
1.223443088793354,0.3083098546709948,-0.05838045279744058
2.196101401027399,0.3120212628254493,-0.030726388699256535
2.723123445874918,0.31617845080599594,0.02045739133226737
2.984455714155264,0.31795016340123583,0.005608677200098558
4.233727885730114,0.3210808747173155,0.015183306722269502
3.9766876798376125,0.3211494099294876,0.007963113722315285
3.9488593491032757,0.3200959761346338,0.007962912669891426
3.0188406695169347,0.31572097142611155,-0.008172852940546038
0.9375062676852141,0.3110641369351921,-0.044844906736590175
1.3461497647079277,0.31287904546512535,-0.054345016014447176
1.331157316433038,0.3135001308803178,-0.047848966194034
1.5406539997403532,0.31244615568562306,-0.05162068106893318
1.8388418958778796,0.3153341066285711,-0.04023496049026892
1.102371812004295,0.31483688693139933,-0.03866078781777832
1.3062460622977765,0.3148380688837191,-0.041878860583762056
0.9499561967197365,0.3139277795319042,-0.03544268201837421
-0.05451576932951567,0.3132585553911751,-0.04166907260461209
0.24439665665475013,0.31290323960913713,-0.04586633247800032
0.5167969938858443,0.312985325494213,-0.051882503906272096
0.29275493266045827,0.3109400133786764,-0.04852474206562536
0.4838808306196504,0.30871486467303777,-0.07503791152019271
-0.07220984498352652,0.3075682972900613,-0.09056879297949981
0.9009325811946635,0.30758815752186086,-0.085601510311228
-0.9009994384755364,0.3039118979163622,-0.09252718770631868
-1.1832019400068243,0.30365824808682107,-0.11358401165572528
-0.651711652932998,0.30305958135168365,-0.12162907075530888
-1.5394797976853716,0.2988007447345937,-0.11533288529898544
-1.955808275417691,0.2989396871454095,-0.12659596109214388
-0.01731573869038492,0.30494688039640505,-0.10504935024253843
-0.1935805999651335,0.3023539188468176,-0.099522663790716
-0.911998240105012,0.2993430366700254,-0.12057970672896655
-2.169965570420489,0.29736697153372194,-0.1353404158326725
-2.9879974606590163,0.29848917522131946,-0.14695319580296212
-4.350382349970618,0.29342696123645706,-0.1535291228830865
-3.862041876059197,0.29793178065216175,-0.14611366516622198
-4.134253274889342,0.29674208359731624,-0.1453441840600401
-3.4791092064062967,0.2985230593966999,-0.13806865842320598
-2.91637257431704,0.2975138422557806,-0.15233984278103666
-1.3905887446418324,0.30020028756655015,-0.13254212535385654
-1.494375368946631,0.3015516634500084,-0.1100161606424791
-1.8260478209688304,0.30067761796162884,-0.11953027852414726
-2.4066447792429093,0.2965551988733681,-0.13827858889873015
-3.2640650530053867,0.2959161614939534,-0.15052082985924933
-2.3630348272715147,0.2990332456099005,-0.13345161415617796
-2.560198724058983,0.2981119463906865,-0.13086313556957252
-2.863148722794374,0.2956557301245346,-0.14023742149731921
-2.6444713748740925,0.2960170648448597,-0.14891201151471167
-2.466206916035428,0.29649075578185946,-0.1501710510830995
-2.473533426354114,0.2965431373610088,-0.1424759801746869
-2.3878165855990723,0.29499866984031464,-0.15772631846919327
-1.4890094356482058,0.2970258500914278,-0.13590003542858778
-1.1114723004443083,0.2977074875648227,-0.13128297065122974
-0.5608240957874576,0.3002815896741178,-0.11743154402893766
0.2067471248825375,0.3004455322141153,-0.11064574259930901
0.5563066073942164,0.301863873878647,-0.1051193328668209
1.1076749674099207,0.3039490032856318,-0.0878402920436656
2.5218398150911283,0.3061518729104318,-0.06930181456223512
2.115517705006852,0.3044844352026477,-0.07063076299612675
1.5158771230860562,0.3071467520437008,-0.057968757121832554
1.607039791511069,0.3049351317622222,-0.05559035753964119
2.8381664361201344,0.3069605938158375,-0.05559025538977304
3.258710764025618,0.3065440962104,-0.057898729000858844
3.106268965261946,0.3070069546776717,-0.05230228824489216
4.322120431405653,0.3053888657013877,-0.051882676146263726
3.4355169625699125,0.30560500449137695,-0.06433451561482739
3.3336928523000715,0.3041240718099567,-0.06153690576096535
3.3754158294132917,0.3060683046959938,-0.05475081395750951
3.7650715422249643,0.306289603205131,-0.055170338143351406
2.9398254684398895,0.30588361521098006,-0.052722010902726026
2.2883048253541367,0.3050632584379487,-0.0554501951109642
2.5011519566579246,0.30485488308243514,-0.04110952403652627
3.444371086978016,0.3029757114834095,-0.0656641169436255
3.94418132556744,0.3037970524889331,-0.0620960523779409
1.396455868227353,0.2995338961923544,-0.08014480446160875
1.7256432938166877,0.29963873545382613,-0.0874205254516217
3.0107956115528127,0.3009794334760132,-0.0923173888461182
3.053187177607445,0.3014696067163152,-0.08019416143543126
1.7775918866080722,0.29835217212345744,-0.09224718570201494
1.455638401019154,0.29738244105605505,-0.1151616444137071
0.9763759064269152,0.29437978530668607,-0.12658380727288115
0.949799754644457,0.2962900614389097,-0.11600249110729269
1.3556197718132263,0.29841786960824934,-0.10380952551495344
0.277376843848517,0.29723650965937454,-0.1105367234801709
-0.18771631668181823,0.2958280230043837,-0.11011629899883792
-0.6922662918969749,0.2955645838704777,-0.1246218703203908
-0.6280742888281453,0.29781909420755004,-0.10500068347721034
-1.8568318811553937,0.2960046199739583,-0.10303860172780838
-0.9299491144997566,0.2973948227951324,-0.1034590833081871
-1.9187259067495153,0.2970975559480855,-0.10079621608110874
-1.3131937157170288,0.2969350537100415,-0.10731328969621752
-2.5339955922231727,0.29540024303157386,-0.10556135428988289
-2.639342333720188,0.2946739358481574,-0.1184552694647756
-2.948322393631165,0.2942563419050175,-0.12160866720653528
-2.2243690665847518,0.2948505506906407,-0.12237943593571601
-2.78571542648243,0.2933466185786,-0.1251123801699604
-1.5654969773804868,0.2953686738721004,-0.11593244620172816
-2.3078986117755194,0.29526113794761777,-0.11481123243983371
-2.156545417203115,0.2958992558214786,-0.09981514241765307
-1.941559960140636,0.29613118511577796,-0.10479057393136294
-2.0137925581053744,0.2951008933351378,-0.10170732906695477
-1.5932311808392012,0.2960938137891702,-0.10696283935783245
-0.0971434868020274,0.29873250547442165,-0.08523955649101903
-0.629981661360476,0.297881555712983,-0.084819038828658
0.8945439773314925,0.29820961797131673,-0.08278703593625159
1.3097190418673286,0.2995132536192553,-0.071154488518921
0.391957964205996,0.29824451913713546,-0.07844245014029518
0.7334752867206145,0.2997155792256976,-0.07213571521106459
2.403004549426526,0.30102979606580815,-0.06043302968178942
2.648093810270919,0.30067380801250243,-0.0587510865997046
3.9494781705853823,0.30030915150981263,-0.05650878519380404
3.1033838060075123,0.29993578530160536,-0.061764505789458225
2.8382751741011636,0.3012312452514536,-0.05223427927468833
3.888209825511304,0.30240979288698644,-0.043545172975819814
4.820793768490583,0.30281400090573674,-0.03709798352204895
5.017621485663592,0.30295136999373384,-0.03765890956750713
4.984184705521694,0.30503503675519683,-0.018948675586899392
6.758034964315827,0.3065752432538442,0.0031251702380475136
6.879617060683767,0.3084785970002981,0.002213405611248754
6.321083612186152,0.30730613467918366,-0.0035277539444161054
6.951882618439612,0.30865995954745906,0.003721268581500497
7.632213502275377,0.30805964907145644,0.008338445100036082
8.477799731396837,0.30883171639498475,0.012496617219486915
9.473030124760076,0.31141951206539664,0.002816047233806067
8.765868479381577,0.3107846573559492,0.00569899066721018
8.57197972340214,0.30905120667531105,0.0040899209354463605
5.615179024945235,0.3058356413178456,-0.03405938024928899
6.435943797072437,0.30862239504196065,-0.013744360671026558
5.87291673333483,0.3079178693395823,-0.020247782678447145
6.134070810812161,0.30888356249057325,-0.006369464536040662
7.071415153158531,0.31011434608700017,-0.002882873413915886
6.786508253549584,0.31032067628646964,0.004559354789217432
5.115706931191774,0.3084974079872427,0.00040261838148372166
4.789653920345242,0.3069879320636568,-0.01461600887047979
4.815295282144062,0.30738142959170056,-0.01743187495012794
4.38677558450092,0.3074318253364563,-0.018907022556989245
4.795308613161562,0.3070479009865559,-0.014749978293995852
4.747872838615456,0.30834777918768164,-0.0074421136651993906
4.103298362237125,0.3079124226570267,-0.009117937136004756
4.237056029445916,0.30787661280675205,-0.008782793455720386
4.107674379105448,0.3072169677915302,-0.01219953273438265
4.198456327842499,0.30705842529256455,-0.014952693067738807
3.530477525881588,0.3065598700706358,-0.008170629223036878
3.1362494809788095,0.3066413196656317,-0.014818392916471995
3.7063636124679857,0.30883973784169183,0.0008269337361223243
3.6694638987886257,0.3088782493592075,0.0022803241044441333
3.477815638076512,0.3102760389398256,0.00046325652779740734
2.6003345024784625,0.30945867249618075,0.003705620751294929
0.6712468432754013,0.30642934578198555,-0.0026468390682253973
1.1618304749906216,0.30657097824441726,-0.020645828799623647
1.0472784257977665,0.30758807905190233,-0.01733722779285814
1.648129031057439,0.30861646655085107,-0.006153949418447403
1.2974808218110894,0.308428694072032,-0.001720671539979033
-0.07884662878907285,0.30735813934704437,-0.005293789975598181
-0.12484531928603605,0.3066163207891168,-0.01323456736343497
0.8383508721752906,0.30730082147887594,-0.015682764590279123
3.4333575822689557,0.3105487573224819,0.002416473274397419
1.9972286723404293,0.30947680394963695,-0.0020897818072751775
2.4737065190856957,0.30985870156846573,0.012147189299576424
2.379519168223444,0.3105752846230061,0.006963926890486181
2.0322478909582076,0.3109290895975352,0.002138702686505978
2.5816667872479258,0.31253647153147535,0.0036377053835507803
2.870434539577959,0.31127591356004536,0.0022338189814094358
3.200310051113032,0.310399758509569,-0.0037017914778742556
1.1269370056793853,0.3065081330249877,-0.007722240928999085
1.2277278315508051,0.306824095775849,-0.03363323571462764
0.9086200779069117,0.30563148315860067,-0.03586692042715134
0.6418736811467416,0.3061974563012262,-0.04626970979964378
0.6925370614887756,0.3058990533025361,-0.04926943313112724
-0.1212599605324659,0.3037154201387726,-0.05022684616539092
-0.772798051633172,0.3011951349382458,-0.07562688797388777
-0.6226519293327968,0.30145941393550735,-0.07715845030540895
0.17183685517528743,0.3032038770962526,-0.06547962289152044
0.3603865109611637,0.30383211385124675,-0.061331318348128494
-0.42976456919530254,0.3037831695922293,-0.058842171180111806
-0.8989851540285745,0.3024871083254659,-0.06847891223857124
-2.315100055320798,0.2996978830066179,-0.07620147811422391
-1.8198688536617877,0.3002987584831698,-0.0781161181092966
-1.2597134394528933,0.2991471369657006,-0.07856243571755667
-1.018430080104979,0.29992828048967435,-0.08788033612597797
-2.319551677546755,0.2970581207848648,-0.09241158759767837
-2.147693720688729,0.29849738842819784,-0.09222044073178608
-1.8734774145039255,0.2990778051741727,-0.09279472923256528
-1.203217919604774,0.2999628500291063,-0.07958391422976968
-1.0990426637456747,0.2995464980261633,-0.07983921300381484
-1.4028271207595442,0.29936201942060214,-0.07581856485101189
-3.2016823398388823,0.29823786055171553,-0.0857744239046885
-3.036968983846706,0.297655055628093,-0.09758141893086124
-2.264972860366502,0.29974974264524956,-0.08175369642368095
-2.26332176598338,0.30046108552567174,-0.07524406851337954
-1.931454092899514,0.3016420551754966,-0.06286306232489973
-1.9502010452230092,0.3031805297310439,-0.0479924682287728
-1.4253756128049808,0.3034352325610392,-0.04429147513468596
-1.1027817013351695,0.30348182374666344,-0.044993220570753376
0.007141491949772699,0.3027803593083598,-0.04154683239740021
-0.18225685086503124,0.30262736087322617,-0.046716361689426215
0.4549313768396042,0.30301528817590717,-0.03733484536247233
0.03515442851143221,0.3025516303368758,-0.044418985031708415
1.1567487208779175,0.30516029592472305,-0.02246468076545939
1.1658234328909671,0.3030217212908426,-0.04307870849253816
1.9329195395518648,0.3022863238035354,-0.04461049706924147
2.090354755216377,0.30295194641745327,-0.032676090337941534
1.8133456196486593,0.3039106725118492,-0.03012322443403801
1.3510073876618076,0.30340858329275555,-0.02718726919401985
1.4847792350737297,0.3036865384359706,-0.027237744600059042
1.732177966286446,0.3029578752149973,-0.031264032335891
3.224168644819761,0.3031125611422951,-0.03215899306201758
1.817306656831552,0.30087102506168995,-0.04046770996115156
2.2787909154501285,0.3007193815711493,-0.04494166046319583
2.5354472329519187,0.30216732013354286,-0.03874208324697391
4.135950787800852,0.30205960807888776,-0.029282880345565875
3.8186026852130537,0.3026740043902305,-0.03177524626433782
4.233446321970636,0.30435497143784396,-0.0093420808299874
4.779600789625064,0.307333596527968,0.00506748005638406
5.612418896133471,0.3090705968259382,0.0029274444831471217
5.794982456495768,0.3092749387757905,0.029064666200494266
6.492532688449593,0.30942366634819596,0.0024162033380833725
6.930316205085641,0.3096669029940591,0.0012350064544093295
3.8804379030630085,0.306009187543713,-0.009200946305366543
4.337224640155568,0.3082701965400856,-0.004631355192306921
4.809312567741635,0.3115747957096542,0.0013309208508256397
4.1336446167333065,0.31110250457764854,0.03024816248756702
3.734198716993779,0.31030748252047013,-0.006654293392768271
3.1649776622549375,0.3088930567020036,-0.0020565654182648396
4.083655149011233,0.3111143841710071,0.015485104313921144
5.01925721827729,0.31483253431193736,0.002336775162919155
5.521191240518059,0.3171988483346311,0.00502630153991926
5.528305845853021,0.316749731124506,0.00953837774924619
5.580899146304235,0.31968123762453793,0.0010031091537004283
5.450679866327954,0.31725211278780074,0.014934597194484703
5.349816928138337,0.31624319722446814,-0.009529006417054823
5.85560120561487,0.3192240883452726,0.0002787354034418828
3.8512743869954735,0.3146880025114256,0.009417802828335611
3.7550973666703915,0.3138513564582175,-0.03332391357397977
3.3972105280491096,0.31283656393791226,-0.0494287363888847
4.068839236111436,0.31479479302799596,-0.034828787202261846
4.408297220775388,0.3163470400690236,-0.020005580559672147
5.199216025986555,0.3166271652095287,-0.014488537276537662
5.8023845087510075,0.319007301291786,0.0004990646979249156
5.208243410359658,0.31824948629315974,0.0055453531405524085
5.221884263612506,0.31818407984719466,0.0016637026868943166
4.81009442428896,0.317337791615681,0.0013308248769177636
4.256708357284469,0.3168285410347176,-0.006099999575358765
4.188856763154157,0.3194230697114082,0.004780014297203305
3.325030535276553,0.31789810110153005,0.005109609999885552
2.3898368022569034,0.31482051034033387,-0.01010939726164534
1.8428432235402523,0.31285912109947867,-0.036866131730831773
1.7818158169549614,0.3128490272746438,-0.04323943560422714
2.772515528174624,0.31274366272324317,-0.05225001689671042
2.6509264604999134,0.3144452396138071,-0.0375253777133634
1.9113233000355827,0.31460730089238775,-0.026537061597097882
1.4134935014302106,0.3123900242787583,-0.029613928185405442
1.742824950971455,0.3128286100280855,-0.04521744674434439
1.516022382625029,0.31063130357048196,-0.05202995929612183
0.2987704353832805,0.3082027337271005,-0.06005163664649434
-1.0719097289897968,0.30695731759935563,-0.06774375271004018
-2.212418003672704,0.305448774707497,-0.08614899546805835
-2.270776126241005,0.30480593470599193,-0.10829078410665242
-3.7057955958358963,0.30345266017988237,-0.1057634653600473
-3.1024034580238533,0.3032780484616908,-0.09680790297187354
-2.9363885039620428,0.30284599379359967,-0.09982963257893661
-1.2215703048572772,0.31003699681981645,-0.06406248334363425
0.5463092880971797,0.31272317131958816,-0.03851463391925068
0.7013095710299555,0.31249998567021975,-0.03939337600700392
1.1255596421502028,0.313145797548257,-0.0336795940389914
0.12803066086669265,0.31119676663965845,-0.03170157775390172
-0.3503074376283956,0.31089775792326524,-0.042240392074395276
-0.5728092830475231,0.3103211529963854,-0.04306564601105302
-0.7068325478816682,0.3121892295554034,-0.03536388706049613
-0.30522418686670344,0.3129685643486726,-0.028212312995637555
-0.9657599292700171,0.31026250487130547,-0.034648917911418685
-1.3235276998901697,0.3079372571421537,-0.04785171621735951
-1.1878972225907085,0.30797579794135155,-0.06710605259624054
-1.2438534298985022,0.31033478721082997,-0.04856692151434004
-0.9396166216161826,0.31006848913268614,-0.046421415226220154
-0.8018107787174382,0.3076308863305448,-0.054288240459429205
-0.6022665072716928,0.30650266912265556,-0.06182497437905208
-1.116372212602136,0.30445369211578877,-0.08300438047669086
-1.7894949492265713,0.30152577881115694,-0.08597500809052556
-1.7926258111940951,0.303188923842693,-0.10412909466804608
-1.4977984724524804,0.30445971557042406,-0.09164136850781984
-0.9565866936062646,0.3045222146263391,-0.08999095032800412
-1.4073216062411404,0.3031535282261357,-0.08349951598216748
-0.3356937567902378,0.3052281168841311,-0.07931866636299231
0.1801143946595235,0.304901694264327,-0.07079164356354145
-0.04061920480066433,0.3027960139471324,-0.08927587785694503
-0.3320312147159491,0.30011528144294486,-0.09219121077273514
-0.5113608728459935,0.29874963794110787,-0.10396408857313945
0.6884229178871372,0.3023146182208527,-0.10104829806565141
0.01228864267144431,0.2992577243414396,-0.11766194436110469
-0.49441096747959434,0.2965680165602229,-0.1237683219626537
-3.4494263074371503,0.29359649605178206,-0.15215474072727453
-3.304756385435598,0.2965959761522434,-0.14417762694887323
-2.307471130813719,0.2995318226620909,-0.11980764402204902
-2.3250580173078568,0.30010672885331524,-0.11430646634500743
-1.2624169787112007,0.3022039985477507,-0.09516199399372773
-0.9789494048119904,0.3029996747858865,-0.08487462830365276
-0.2922222498296549,0.3050868656602357,-0.06798599741390345
-0.5720609373684709,0.30585056174084024,-0.0502723736008305
-0.180245418731919,0.3081368138481375,-0.04202039821284543
0.5560502251564762,0.3084217607896884,-0.035749108109517334
1.2658998483028951,0.3088454555863982,-0.033273669484122866
1.7314752049712752,0.310761571928984,-0.015229592909660038
0.935747293763465,0.30993172253136003,-0.011928669851020141
0.4728617241744153,0.30789817892692883,-0.020620635603800806
1.0306771660161256,0.3076006064777961,-0.03794934598839169
1.9224250440213912,0.3099903280828902,-0.018090130828181884
1.8872409858373929,0.30783176917724386,-0.019135449689825716
2.1269520245949036,0.30573153906517314,-0.04482590049664952
1.728846378349978,0.30581076877032576,-0.0463115879312529
1.024606143305446,0.3044225075980451,-0.05500313335540821
0.25251471935498115,0.3015638333285371,-0.07013153263296164
0.8842428988834966,0.3026690928765816,-0.06551065564246795
0.7737325336039639,0.3042797190847035,-0.05907430658292256
0.0045559811072227755,0.30093651923688935,-0.057808965192401404
0.46148544635041777,0.3006848067544903,-0.08349959232292539
1.5040212101057082,0.3020594672306529,-0.07678795621229226
1.809985468230364,0.30184079822206966,-0.07095669425345029
0.7520234970934865,0.30121574416573016,-0.056378489409871224
0.7322177580268607,0.2981223670782924,-0.07651298778293637
1.6738812476935603,0.2987220129329011,-0.10236849049475506
1.3006116813700546,0.29460272225076456,-0.10693482491783464
0.4213960518109078,0.2943405579845404,-0.12096263627409581
0.8529950349132992,0.29888484758567335,-0.09494198582711787
-0.34372381701035254,0.29484797391990725,-0.08570008621491754
-0.8657729396308194,0.29494669572761123,-0.12954475822323122
-0.835464629318964,0.29584569172799946,-0.11590167809820125
-0.2717060286345775,0.2999695334445349,-0.08415966290493286
-1.7250089022258759,0.2938297987772214,-0.09736233897509514
-2.1835868708292163,0.29421732205040874,-0.1215994903365985
-2.9734201950230164,0.2905743875143172,-0.14148785161929478
-2.690579420155312,0.29214094395733836,-0.13647444287301258
-4.101438385852244,0.2864751726028738,-0.14358140577464742
-4.487210439828638,0.28353435218213874,-0.19454222545630157
-3.302702082444811,0.2866996900691534,-0.18407479353948308
-3.486523367264968,0.2854788988721806,-0.18726996661959824
-3.4413920352531315,0.2879884518256197,-0.17487414065985268
-3.975353509710594,0.28184941076721426,-0.18815155171783465
-4.0785272627445055,0.27916444577882604,-0.21955446961914338
-4.079715903416291,0.27924391126907366,-0.22484352077286607
-2.9334460154467226,0.28321462818241394,-0.21073974242106547
-2.8299509517101127,0.28110281312484187,-0.21784654640186238
-3.038218060465607,0.2811189705821433,-0.2188383260524863
-2.889074369892481,0.28339094198023296,-0.2047896933871196
-1.5363064378063422,0.2874317355630709,-0.1753701155011555
-1.608551769513362,0.28677108297484444,-0.1699709778169464
-1.8898145782612303,0.28657663359308305,-0.16402077579246174
-1.5543150410589397,0.28820304464450697,-0.16661025053759929
-2.1094747827827254,0.28402368984857884,-0.18479082497506732
-1.5444788086896273,0.284460496555039,-0.1814852683352797
-1.3437194053197565,0.2861622575022498,-0.17911625215714974
-0.7937792132330241,0.2855354146549447,-0.17432335018276537
-1.3849180447547518,0.28164941369294283,-0.184901183473198
-2.93343658317261,0.2774922054149318,-0.2245130072003771
-2.9574138919651163,0.273387774892216,-0.25514446803481194
-2.867256056781305,0.2739706594403588,-0.262361631192621
-2.656199892353839,0.2759127983432548,-0.24335480405282928
-4.190556547056421,0.27167255647673993,-0.2706254622580642
-3.098286021087112,0.2727470080541068,-0.2668240864323868
-2.4893198832030223,0.27594795909860625,-0.24489722861381014
-1.9804398896762008,0.27545620395707626,-0.24104088054356404
-1.867203038604201,0.27754390441886145,-0.23646821686617386
-0.4486960059870473,0.27992911514587404,-0.21817739725386262
0.07926045172603012,0.2798285804190004,-0.20947271744256424
-1.1565412574224474,0.27662881013666385,-0.20985848408801885
-0.6796404229116398,0.27785431373551095,-0.22500884934345106
-1.566101148826993,0.2758934928170267,-0.23768018238627228
-0.1065437405121045,0.2774344108169893,-0.23398902021881415
0.8489028446987066,0.2792546719294078,-0.21982994614706122
1.0194048056322953,0.280134027131697,-0.20600169849385178
0.686723767607852,0.2824653009780669,-0.19261406977547887
1.2433131268557867,0.2828466363556936,-0.18710482561301542
0.8721763028975804,0.2812209053756425,-0.1921181756106385
0.5083685796037313,0.281817916664729,-0.18214649989799336
-0.5169932235815038,0.28145681708827364,-0.19316515953257324
0.11092297265689305,0.283433527513516,-0.1793918949875331
0.40518461496845576,0.28449954748574524,-0.16886926284964734
-0.4882391202190772,0.28226018957923915,-0.16495754920375283
1.0975066404125435,0.2848610398911051,-0.1668305641635273
1.2944337240281383,0.2861355409010595,-0.15311262953445456
1.2369370407335551,0.28757095101474706,-0.14292037595001128
1.1597398671859778,0.28663210065624023,-0.1390087979456996
1.9571741109653094,0.28576814689603003,-0.14584018439724636
2.9208255346095355,0.2847578533234443,-0.15658344291523346
5.165226788745399,0.2881059996506159,-0.1332239548808275
5.074173904728025,0.2883687310548977,-0.1315161413201817
5.301604578401557,0.2915795677977888,-0.0985153256732619
6.962691450801804,0.2908408183393496,-0.09873594499618626
6.215602461682277,0.289778816512128,-0.10523681810293728
6.269851710329882,0.29353154468733345,-0.08220800697043137
6.341126822513946,0.2932281900051812,-0.07890244575553362
5.694367109823208,0.292980405512947,-0.08501574259034
4.931613118479398,0.29257696152367707,-0.07420266516022714
4.942034544452882,0.29250355377754156,-0.08518105522704604
7.087351127096388,0.2950558274110815,-0.06576152761608617
6.4703066889262715,0.29449377571940305,-0.056658586931382204
8.005491986614436,0.296568319671896,-0.050148458141184696
7.710128801018154,0.297111892385278,-0.04341802596937696
7.069278296923401,0.2969106097459251,-0.041652475131870016
7.043036904322047,0.2977042010577269,-0.02819130104829198
6.248194119188091,0.2973618431329965,-0.035087592813602984
5.386339030884839,0.29569225689600076,-0.0414870758408692
4.96927632106499,0.2931976513071919,-0.06289279328494152
4.664002117280445,0.29288518834915434,-0.06923711178956611
4.820434619716091,0.2929642972590658,-0.07254745710302116
4.682534501625303,0.2943765486820089,-0.061347880984420976
2.7528225929932137,0.29034243832418705,-0.056327681183985685
3.008868766481744,0.28883320274188473,-0.10129071536886405
1.7546714981532627,0.28715985172092195,-0.10316635588281368
1.0074949313122905,0.2859706080148934,-0.11409002489594919
0.6938409730553499,0.2863464404561453,-0.12600646973118204
0.5178505459875752,0.28485315643070885,-0.11530350330366226
0.49207890676651866,0.28391553925951873,-0.1333441432057199
1.0543386150126268,0.28474898409095806,-0.1356610987000526
-0.3288722031014477,0.2836686672198152,-0.13737154161891307
0.17384191722294048,0.2854598738210805,-0.12931673317699222
0.35016782441836086,0.2891952245099181,-0.09378768614119386
-1.1027769745689437,0.28296087785709356,-0.11431061837219128
-0.6003110483223439,0.2838228938746805,-0.1332889096867401
-2.249146851381772,0.2817908193833032,-0.1435504113327357
-2.495799829842667,0.2805791440392764,-0.16501122517681077
-1.6905570087311579,0.2829807130649169,-0.14730199523940415
-1.1711406120130083,0.28445168294843604,-0.1278822763165937
-1.6964544881228505,0.28228325421182876,-0.12424101546699162
-2.6498153163107343,0.28153870409274284,-0.14779839525374225
-2.9238696158667397,0.27990446404086566,-0.16434929283505384
-3.543208715155543,0.2800331080082572,-0.151660445747843
-3.5358516155706083,0.2805931541537463,-0.1464193619280013
-3.853234716760989,0.2792139515843377,-0.16892833963227116
-5.0722719298194106,0.2740649567357585,-0.1905549561760335
-5.672171809087273,0.2709211601445496,-0.2105261014402785
-4.290487174681167,0.27385165983572013,-0.2106916083187512
-3.0508315582436563,0.27628731573160636,-0.19331308166864844
-2.9510976769723496,0.2763957466347633,-0.1869136476084751
-3.1527817871315036,0.27563355194365746,-0.1860307846281525
-4.286363141492864,0.2718010149555561,-0.21052601838873308
-3.4735032965017107,0.271940469444822,-0.21720149041537984
-3.3973138658426785,0.27081845339166266,-0.22018073284904002
-3.154038529421002,0.27026442739321355,-0.22564251400344845
-1.9974019145962485,0.2734626561472928,-0.20782280005969447
-2.7784995879328482,0.2701043919573498,-0.20269200778758203
-1.768673696557824,0.27286651110648763,-0.21162949574612758
-1.3803689641378265,0.27370408933682344,-0.19066516165475797
-1.5704063560292378,0.2736846519370324,-0.20031981217247452
-1.4341622554899407,0.2732632406728066,-0.19513379280577936
-1.239829777492004,0.27582763451384706,-0.18432047209928848
-1.8245790809766897,0.27719687702102247,-0.17119043880367457
-0.0781528635224127,0.2790121953942024,-0.15872185783253817
-0.7936340157284284,0.27693649924934705,-0.16148040720252974
-1.0557955197379434,0.2737595418398846,-0.17770023698827478
0.8676562276452746,0.28092449551615406,-0.13108192510497013
0.04407799202353165,0.2792753043611609,-0.14906739346321732
-0.6369113007685854,0.27741327262779913,-0.14239182948460236
-0.9632108054379758,0.27353572721629793,-0.1604874498201573
-1.6219258659383669,0.26914679228447924,-0.2121810203554218
-1.372828636465657,0.2688605049062964,-0.21159267415060123
-1.340509607962261,0.2691520728776513,-0.23104471192981643
-1.387933888112443,0.2694704340218903,-0.2184450676776358
-1.7522955865361471,0.2660457202201738,-0.2343601178494307
0.7778896111780351,0.2743792427648739,-0.18838300440875233
1.6366212957477686,0.2761774233717307,-0.17103104733809207
0.9560688405756202,0.2751357719075429,-0.16953898433472794
0.7230446384011675,0.27621046150343154,-0.1512477916072405
0.5397554177297709,0.2752848783976207,-0.17180489788095535
0.8821369994286924,0.27646696770933143,-0.16290781756932332
1.6391094200479954,0.2767452508484898,-0.15616587909371024
1.1915990647645052,0.2744779101737629,-0.16904174165065666
1.6364435512684006,0.2758234739591079,-0.16876545732548456
1.8261910351074078,0.27631294700887654,-0.1609734882251313
0.884673941174835,0.2742592164893063,-0.17727552820902845
0.9998021627067134,0.27153657345689197,-0.18965390078359304
0.08758397071877884,0.26933703910008,-0.19976680419522097
0.7692605825708076,0.2739209035010781,-0.17815971624513846
0.7889622290783623,0.27401259160219404,-0.17589419516626592
0.7871239355357046,0.2735845387839284,-0.18213861827180067
0.1762050985918076,0.272699668662967,-0.16600229578362574
-0.5305623822076974,0.2700760448734114,-0.18600709373687213
-1.1183038925401922,0.268619210148473,-0.207724302671849
-0.5590155110134297,0.2697107181145677,-0.20689546644652287
-0.08189629818525089,0.26927980516349836,-0.19556698596362307
-1.3017021075586372,0.2707833959084096,-0.201479992397622
-0.8507398012266894,0.27135413448482004,-0.1712521390541206
-0.8108945363794358,0.26972327259085915,-0.18954341833320634
-0.9872248541353248,0.26493227162647837,-0.21640026795440598
-0.4444496708848076,0.2634074046233823,-0.23933353090422393
-0.7323278680004937,0.2617536088560639,-0.2528727296329205
-0.8250880523985716,0.2616122918374775,-0.2636483434045117
-0.40987462860066465,0.2638149755948651,-0.24397563936261865
-0.2198083372551114,0.26138131896331296,-0.2564091936269385
-2.8412965232841256,0.2610191937567996,-0.2682350572416696
-3.8428891318141427,0.2595719907818099,-0.27381650088166465
-4.308602960733539,0.2564617490405616,-0.2759163781423215
-3.716163261059711,0.25908042771285666,-0.27895572916117406
-3.4249771895299435,0.2592308954814817,-0.281884578490324
-4.618376432002838,0.2554518492804727,-0.27663477730577707
-4.420366194530235,0.25635651500350676,-0.28901321337634583
-4.177134236023926,0.25523881725197284,-0.2939314433803707
-3.4218801578693143,0.2586452613731831,-0.28000563665099054
-3.4713322741364507,0.25895187653991036,-0.26276433188622433
-2.899722820398453,0.25929385191714505,-0.2746453101664139
-1.730687458026047,0.2612287658386283,-0.26221167123276123
-1.2430529829897936,0.26108144314539294,-0.25806709651406656
-2.4392357860720377,0.26196778926674646,-0.2544198660639303
-2.238109034547232,0.2627233259997874,-0.24132303016709494
-2.2922828701871745,0.2621118503776456,-0.23402863869782684
-2.0628796949027572,0.26206536823416093,-0.2470700909027955
-0.8429103953258029,0.26382037813274084,-0.2372889398853382
0.18328825273589,0.26598349943851174,-0.20800075048411376
0.12743229150475194,0.2668648042830861,-0.2088847656986713
0.09298823028528129,0.266316278359221,-0.2129189221733696
0.05000569517831209,0.2676518229963605,-0.20286144813381632
0.2363857769939274,0.26888071214641607,-0.18639382870094318
0.11269108766367675,0.26681994261201814,-0.1956773434321192
1.8017208245110714,0.26760003796279896,-0.20236399977169814
2.511954529223299,0.26827231584378386,-0.18981989143029387
3.9611112196944394,0.27171648961200856,-0.16456571260214203
4.605891393173319,0.2739703578688151,-0.13030394468094905
3.3833186142119844,0.27211595981176484,-0.1539555165179441
4.7533879028354065,0.2738777337439813,-0.14218499447842045
4.215635651105076,0.27205194337443306,-0.145776833720856
4.464485010785366,0.27128547008976,-0.14715841738336177
5.837962904575397,0.27143118031538904,-0.16240441235130895
5.654969527505906,0.27314828137433733,-0.14624383995115597
5.41148932834862,0.2726438885665652,-0.14895570756444454
8.031285871253138,0.27389227355935963,-0.1393809413391668
7.113987733017472,0.27278076878304547,-0.13478728945610793
7.276423048290429,0.2719529901615301,-0.15321723353475378
4.982428383242692,0.2692414670674783,-0.1626259126418259
4.939190396312557,0.2694296780363241,-0.17009752120677998
4.897297670863428,0.26965583118830594,-0.1679390630927499
3.464788318510588,0.2678087344625626,-0.1853728678685185
3.7712172995024518,0.2685108444655766,-0.17441450440788903
3.2984444421785684,0.26808636361729166,-0.17491245853923312
2.4514319392366835,0.26661186108174384,-0.18515148981865642
2.78821276917626,0.2669185397321556,-0.18802936108688653
3.7161478338977885,0.27015476485496226,-0.16367745779053933
3.699104077195137,0.2718379478951165,-0.13495305353259285
2.4945173881985907,0.2703351840791477,-0.14751673314338407
2.443575531286836,0.2710488842340899,-0.15061590166915098
2.0799716463083304,0.269507288769238,-0.14469417133768675
1.1611138659215374,0.26806971310978844,-0.16461830149823667
1.148583806097551,0.2692480263448671,-0.15244230582841176
2.2795026967210688,0.2705050014131678,-0.1510033691576508
2.0783382854394152,0.270665769290817,-0.1518334996293316
2.392464645725088,0.2723600443515195,-0.13406765227375808
1.1192987607780154,0.27174045706464667,-0.1325180007065099
0.8308976629281424,0.27313024863570745,-0.12654061406970657
1.9342610476244553,0.2741835344992176,-0.11779640853851728
0.9195575668060273,0.27320851209180086,-0.10263163094210179
1.883121416529184,0.2737858227623404,-0.10589698592789064
2.4705345832396843,0.2744909754594351,-0.11259375356824326
1.8735735321321323,0.2732057766243321,-0.11021391272093416
1.0441686880325332,0.2727293815115428,-0.12283267459165165
1.9144085085495246,0.27452493043669035,-0.10866418228965995
1.776881475443506,0.2753807926095875,-0.10080525527948885
2.751989282083178,0.27678495687100835,-0.08680268618908903
3.3484044798366672,0.27743173898569484,-0.07966337141143175
4.597265380264553,0.27702396591476575,-0.07661925395445679
3.926377030874341,0.2758359365104659,-0.08652611245567661
4.013060323215894,0.2762708082778169,-0.08702420938871264
4.128795361464911,0.2746277186372805,-0.10324036618972803
3.456477795139762,0.2738025526513339,-0.10141402740725097
3.4159807402055824,0.2732912162616674,-0.103074471438889
5.058793227645634,0.2764227520721838,-0.08237523681899864
4.804652476803827,0.27612598511517294,-0.07949720603550008
3.8276790253357116,0.2760445597703174,-0.08464448992581926
3.45292989196619,0.2766704811848555,-0.073464674485407
4.513960815976707,0.2772450983649086,-0.06931373600159639
3.864210513270888,0.2765880090279247,-0.07091896225963645
4.166157683872327,0.2755509004703456,-0.07877771708582171
5.05222031800368,0.2756383268458311,-0.08348215498377802
3.972315520710955,0.2746362920968928,-0.07955265801349687
3.3785586058505155,0.2745381370286586,-0.08525319462793318
4.225119061900586,0.2771314103380951,-0.06709997327043542
3.8450111351165153,0.2777595015150689,-0.059960403903714043
4.09102769862805,0.2776152010886508,-0.05663971934207639
3.160971824533212,0.2769260886876481,-0.057193138508418624
2.3424745032677,0.2762111534039684,-0.054038519800826836
2.3008025937707193,0.275164410625361,-0.07551244649423414
3.3574201034196665,0.2794677974049411,-0.03533182208056265
3.041470470250074,0.2793352057641534,-0.037822367170919524
3.144160006112826,0.27828031431465217,-0.039538097442659285
3.6766852797125655,0.2791808494391035,-0.0368261478236658
3.0566783490409355,0.2791920861379029,-0.03372671115245803
2.4742515875866142,0.27857786153047615,-0.03532763281752292
1.7975402233533446,0.27820659227873046,-0.04003852331999662
1.5060290907061218,0.27811335763222655,-0.04042651669064792
1.7736704853028324,0.2783643840465704,-0.0415902140283624
2.7493606964216917,0.27957038605211104,-0.028787877326757656
2.562097990363607,0.2795368912901883,-0.022414189066078227
3.048954061429668,0.27891741033374506,-0.03172514998914744
2.692542345871567,0.27736456159382006,-0.039096264223735674
2.939146774323659,0.2774275306543914,-0.04441670485677765
2.070925525648913,0.27797165066804075,-0.03621430657971204
2.7365179314065586,0.27921662740759623,-0.025850298380147903
3.166347007380527,0.2801366542002519,-0.008004477712890385
2.840202418426525,0.28001600550294814,-0.006009487447518539
3.169081330210931,0.281441965730612,-0.0017419637576890565
3.6425709099536543,0.2818034802412579,0.00458691265572166
3.757368076076721,0.2809828014624234,0.022105485111939164
3.580367538266571,0.28069191779060154,-0.0045870496313062245
3.6673339220594032,0.2798549557790604,0.0014366446905274119
4.262110020570446,0.2812262652446227,-0.0006080483597535457
3.4091761907433993,0.28133836135689605,0.00701806458086597
3.7086051004172327,0.2827263308113659,0.000544132472761547
3.608173109883624,0.28238222144277425,0.001958990990854007
4.078470178408377,0.28262074315237684,0.0023919676472191577
4.890878962484316,0.28358987764950316,0.002741840657418338
5.13378977157148,0.2829341567893553,0.005268616643976557
4.234159498091048,0.28288623185597994,0.00048382507840022626
3.8451213490622442,0.2822491767597526,-0.0032255218923158387
5.458786839445326,0.28371826184274873,0.00026739599870495123
4.747398947630195,0.2834603399611664,0.0029945962927113057
4.106653330242501,0.2826432503267253,0.005614927579678361
5.254988475946591,0.2839737114156582,0.0017547688787555478
5.843483443824664,0.2844805848010885,0.003434578052757508
5.963752241162135,0.28455701834592695,0.0025318370990030405
6.600425111160157,0.28664106601867445,0.0026292442317183556
5.3698471626049615,0.28579995787410506,-0.00046387709885169654
4.937392874326269,0.28514347770808013,-0.005103830551527463
5.452207519502867,0.28528735967199736,-0.010053064149289519
6.287966784785212,0.28462977206457585,-0.006702075430630493
5.333123159408949,0.28349670853384557,-0.020518445805573587
4.778351550154211,0.28313505528711413,-0.024075755502748358
4.571432134698791,0.28389124745019734,-0.011702874275152847
4.248421667112103,0.2841819161465835,-0.014331942525646306
4.31461630629268,0.2841623700854581,-0.014383634756069654
4.356358347141955,0.2856991606390409,0.001701128005103955
3.997208541000007,0.28547678877418403,0.0017525399582404284
4.92200518923976,0.2860520159835178,0.016043001158917186
4.325881144185838,0.28499272843384915,0.007021982951408423
4.443385702952098,0.28431150030706553,-0.0006662470997014071
3.9354162121177274,0.28461688966176335,-0.0009737978729979167
4.07023998581428,0.28494990221595073,-0.003382920612837625
3.5524993101402327,0.28528578804461646,0.0027678089849852046
3.269544257664416,0.2845650826313675,0.010763610435258059
3.7677222488258324,0.2857432844910619,0.004085191463399874
3.3539893316287537,0.28594852944164617,0.00020365765102261745
3.466280403246541,0.2854475878570828,0.0014251963029139833
2.351014629700726,0.28387460140664356,-0.006464830374295332
2.2459549698393,0.2830856115682201,-0.02076880967289748
-1.0416731983774612,0.27834828160998115,-0.046169491862942835
-1.6481713714857036,0.2766187891972156,-0.06780349406037842
-1.1227063189573792,0.2770257678503052,-0.08236209165149846
-2.150333640887883,0.2760892633803338,-0.07900239441630577
-2.4838422854261153,0.27588239236548606,-0.07991861420590232
-2.5476799868387996,0.275823325763197,-0.0895331893080307
-3.3134540738673333,0.27661022640769106,-0.0840791515208809
-3.4458709790847015,0.2754624287879035,-0.08514953067364138
-3.407530949489655,0.27490588502650093,-0.08994099379679071
-4.111423737578262,0.2734426785281894,-0.0951910731468858
-3.718721687142144,0.2736160358090822,-0.10747546870350361
-2.893972487906787,0.2742473682847224,-0.10222524921470785
-2.40032569814028,0.2748942452765233,-0.09432468911577929
-1.755860317425528,0.27683738738252606,-0.07459825946771713
-2.837657781864105,0.2742642829113686,-0.07689224542549672
-2.3315516219854726,0.2753493673097811,-0.08683167971475854
-2.717309672634659,0.27608309342421467,-0.07949160405568463
-1.7253285890596188,0.2780127012399991,-0.05752270104958608
-1.2400891236425262,0.2797016310414424,-0.042485670284519814
-0.8391657190319518,0.2797197226201431,-0.03601235109006169
-0.30739557472418905,0.2804182328396341,-0.03193457732366812
-0.41471457945897144,0.2804449631960986,-0.03162870535557401
-1.7175120538836135,0.2769408068561705,-0.03738861037394402
-2.7162606250498436,0.27407888665480273,-0.09162296693655918
-2.3930856322663616,0.27431423684097345,-0.0812757520680317
-2.6400795116700664,0.27483997004869987,-0.08096990741537789
-3.2563032068604563,0.2731470256377988,-0.08183647190135152
-3.482070467802513,0.2719484164026127,-0.09626155164817653
-2.715670433336044,0.2726727523016106,-0.10237822662939967
-2.618517292225172,0.2721968102661849,-0.10033928341290259
-0.6390117837807633,0.2736674237429928,-0.08565926671538773
0.20610412332839367,0.27415131201317067,-0.08438508569330823
-0.7000302718640856,0.2721850094630589,-0.08402822551230574
-0.69778238909826,0.2712676236400764,-0.1013587475088861
-0.47681333801910974,0.2716368119049115,-0.0973829361062685
-0.2257749010779633,0.2722305043205293,-0.09794378189038294
-1.342935122439679,0.2699475263976552,-0.106965899228255
-1.2677180404818265,0.26903271778030735,-0.11797583202073139
-1.0453851152375204,0.269086261027637,-0.12312403285133426
-0.44575943389298944,0.26928008952131477,-0.11782285323254363
-0.026467211252529113,0.27055465091473097,-0.11155326064655752
-0.5585981425074544,0.2697454210614003,-0.11496823893642033
-0.5794710220774383,0.27033099684095396,-0.1120119819436316
-1.1236750312025743,0.27090635953579745,-0.10569145508115252
0.3420981538717914,0.2721728486869537,-0.0927444336652935
0.18918354001168042,0.27286328365449286,-0.08734139905662758
-0.2645344621109733,0.2724640001045582,-0.08392619726721456
-0.8132653847727673,0.2731038762746971,-0.0832636941547005
-1.4084660276825984,0.27348233359326923,-0.07057151492705364
-1.8549347762883028,0.2724368950747946,-0.07266142042384396
-2.2434982583422727,0.2722813536367723,-0.08718853656690648
-2.638720080850129,0.27137838044144313,-0.09055270382342381
-1.7023859467049087,0.2706057885537465,-0.09483428451386822
-0.5274672509489963,0.27031875781804326,-0.09350898863589505
-1.415956667638793,0.2688670772921373,-0.10584428999705257
-1.7248858683065735,0.2688439641530205,-0.11303149318761735
-0.7742792860046686,0.26899071256093654,-0.11476458194609157
-0.8539454981659509,0.26765518492880225,-0.11787378312985
-2.4085841055575146,0.2652827158484645,-0.12643707850322977
-1.8021489330643528,0.265924792184713,-0.13877243424244873
-2.065133094087323,0.266960582284397,-0.12750760601036532
-2.2422281523005525,0.2671326476570417,-0.12888385466463548
-0.34196714261693,0.2687500435512935,-0.11191012894784812
1.053956916058581,0.27054477880061123,-0.09381489473314887
0.5804099087275136,0.2699801975917202,-0.09870824254394613
0.8989199645829784,0.2712252533951618,-0.08540437606075209
2.787656934094808,0.27245677648520017,-0.07006188844531012
3.5601444149939843,0.2729085295563598,-0.06491352420977782
3.3438880692543846,0.2725788215255598,-0.06149849359124119
4.084106350643736,0.2746023718897881,-0.04775727242569476
3.0120737529595227,0.27372067117777843,-0.05051336546774617
4.018270906647199,0.274937162936822,-0.03989726152295115
3.831218347278898,0.2751278572225182,-0.032802746026317116
3.906499859060881,0.2758674187171817,-0.025351008812992494
3.2816213839350428,0.2757687543656342,-0.028311326022321916
3.315679948788953,0.2765296226586085,-0.020502291770707372
3.269580199466489,0.27605043876630875,-0.0224927972341733
3.07622073920558,0.2762840895827714,-0.015296550989406455
2.4834339945863726,0.27554903216030113,-0.025657357485827727
2.9766510729375066,0.2753732446756134,-0.02683111361777443
3.1673881239042823,0.2755792853460788,-0.024738556740703417
3.3580057217445374,0.2749926955369857,-0.019583643628043934
3.915504008883266,0.2751848390247247,-0.02861751787443209
4.357797151325729,0.2757173504024695,-0.022288683363466563
4.724952406906674,0.27475655306105096,-0.02999582731165764
5.494422903149342,0.2765799964042932,-0.007793692841624105
5.039627455649748,0.2759679299774649,-0.005956146809541216
6.394544238311793,0.27680448979714667,-0.0047312040922542885
9.235481965620313,0.27739304294986633,0.000321720009668605
7.583861961340334,0.27611093486809923,-0.012437997018549645
7.411943429527046,0.27674520671433744,-0.006160319131309778
7.96735199324387,0.2781741259028978,0.0002020271003052592
7.245979797531084,0.27815425288973583,0.007622000414839437
6.239474593269289,0.27781475956644575,0.001463870723938236
5.967944932757553,0.2769433643828825,-0.007470509005060359
5.582355314387434,0.2773440065422501,-0.005855379345377059
4.093394071049178,0.27626938495003217,-0.002170477428046105
3.716469269405257,0.27611043539344493,-0.005199049866877278
3.5240228439654833,0.27551362476009245,-0.013628714542918465
2.2553657750374714,0.27516559535336826,-0.02130133705670592
2.89277790334863,0.2751248271892812,-0.023269757470493844
2.216950117452742,0.27523975306554327,-0.01741451107660981
1.6345688133969027,0.27465558990231553,-0.018726945707617026
-1.0377423575705493,0.27124963671343494,-0.048811313916571855
-1.4079611305293664,0.2704800558357665,-0.06173343471431791
-2.5246996951866962,0.26923351687112307,-0.07581638434422616
-2.5140280489320346,0.2687830135977187,-0.07748218095586684
-1.3325620577551733,0.27086452631667957,-0.06314676874888588
-1.1171652832971717,0.2705725305416822,-0.06541818008454828
-0.8031721163497598,0.2709995002696488,-0.059108492790735705
-1.1039455787332466,0.27062033985156364,-0.05582750934868935
-0.7708163155364517,0.2706952514102683,-0.05739233645838789
-1.4658974460942507,0.2694860313795482,-0.06991061656545962
-2.02901036907539,0.26893072925348616,-0.07662418319182407
-0.07462924077035675,0.27174849069540086,-0.04527783992523135
-0.307986370722257,0.27306007370264074,-0.03109377702626019
0.434659793009801,0.2740704216294967,-0.01403271202340232
0.29210502486899514,0.2745852330929348,-0.011912457799679848
-0.16240680097561339,0.274181039181826,-0.008732531853607173
0.3130296227493887,0.27393976558998,-0.009287651099684465
-0.40750164226600694,0.2730319083017465,-0.01690980519914673
-1.3131030375620951,0.2726197305118243,-0.029831911754495826
-2.1144233008354836,0.27077491060981407,-0.03185091713490854
-2.729643066368071,0.2689235170119766,-0.05557507900318492
-1.7984817490815337,0.2700344692154648,-0.05633225796448076
-2.240006351321018,0.26945965329155497,-0.05441412641481718
-1.4027645467637508,0.2702584427230623,-0.04472270556297871
-1.0150615801538985,0.2709486229448874,-0.04441967830900213
-0.7722994658075834,0.2709151723415071,-0.03563669392959362
-0.8868916205595755,0.2703086532635717,-0.0432587173816113
-0.7427572650433367,0.27059147089249125,-0.039763621358951964
-1.182887156634324,0.26969074498757517,-0.04643500740466426
-1.4029474252167775,0.26858451084836044,-0.05886822374936015
-0.21331920123539222,0.26806586956709166,-0.06230507663681933
0.051608987273557595,0.26783944969895535,-0.06756133295178077
0.2467491025999404,0.2669942323507497,-0.06574183418506459
0.24212747823475744,0.26653985747921394,-0.07797298118773535
-0.7236625744281947,0.2668305795792909,-0.07564804026180541
-0.05647707795657866,0.26774992951916965,-0.06518592362093875
-0.8096485242388004,0.26676055428628653,-0.064781583378433
-1.0069005875143375,0.266005985442864,-0.07630503552943069
-0.6977047282768077,0.26664633758140344,-0.07044217188980874
-0.4349776848790889,0.2659667709466089,-0.0744855514816745
-0.36463601046009325,0.2655517594249628,-0.07726529054060348
-2.671896126748808,0.2649270384841107,-0.0875757055928765
-4.82347216217598,0.26254714165566817,-0.10592235090896737
-6.624008923859111,0.2598930835591493,-0.1304854694774515
-7.4251454493581805,0.259286873109827,-0.13452874366261047
-7.260660908022987,0.2591423876616781,-0.13710637637414536
-6.406996817222749,0.25996682589241304,-0.12209561710893128
-5.165037028130018,0.26093174905231087,-0.11865874632938436
-4.823693135938301,0.2610967955333092,-0.12042768496177633
-4.597469155181243,0.2599303177349739,-0.12467311344962344
-3.1209372586967215,0.26081490221058323,-0.11901252848503563
-4.081375594748352,0.2605376754303903,-0.1275541581434115
-3.4128933834870265,0.26102056075222846,-0.10182841511514258
-3.160160616776609,0.26213836471023066,-0.10738804323597761
-2.770194915328076,0.263355192214036,-0.09697648942183368
-4.026374975153536,0.25956655428857744,-0.10294026577854515
-3.540193759461339,0.2599550930270462,-0.12538070432096285
-4.065093836412743,0.2591348011603358,-0.13099082850789692
-3.977259005555387,0.2584607510479835,-0.13361896645345434
-2.492709027375384,0.260239646765112,-0.12260097386278543
-2.7043468223902005,0.25921781487299156,-0.1295252336514697
-2.9655428198502416,0.2583852699341007,-0.1344781859697924
-2.9134205294802262,0.25768353470398586,-0.1441316186184345
-2.5511297984361025,0.2580261495684537,-0.13735920203693747
-2.9167483678292285,0.25751230469481845,-0.13109197059455716
-3.2254402960281405,0.2578287460659361,-0.13882480003599323
-3.1027958483307696,0.25715805829649496,-0.14483918057749715
-2.498778821448309,0.2577148612311211,-0.14039151520677134
-3.2752772343496726,0.25664632018214384,-0.14539524020780814
-1.087771907160816,0.26030630296321133,-0.11320031449713604
-0.6679401442904059,0.2609846233467923,-0.09854311977289273
-1.1665834643924575,0.25895035537188815,-0.1072869128724496
-0.9807886332277119,0.2571630731425578,-0.1217922918922354
-0.3225377498214801,0.25636260171711145,-0.1375106604352615
-0.31685116339954084,0.25577860545585884,-0.1476695426967555
-0.7119291872233681,0.25461889892630984,-0.15899083069190384
-0.8958632242100726,0.2549859704194659,-0.15464423134188424
-1.094441753018346,0.2554665945911465,-0.15570562818606026
-0.7362234934788062,0.2564966793518231,-0.14433371491643
-0.13821086857132828,0.2568683977809241,-0.13771285243482076
-0.6475130264337459,0.2564828873723548,-0.13402333990328147
0.29171638709987396,0.25855793482253175,-0.11031946586766175
-0.5286660907462419,0.25685652034120277,-0.11557574017039934
-1.1923590070499346,0.25624424471072094,-0.12709911301496987
-0.9291929968447634,0.25807879636944775,-0.12351071891929162
2.139268557982903,0.2631136557516236,-0.054875506882451575
1.7024033939795749,0.262225347868577,-0.06902708573680831
2.069459477823318,0.2624778883818719,-0.06548921057075369
2.3321087675996357,0.26256048729304005,-0.07473819860630347
2.0326041992628086,0.2633569630666468,-0.06670217657706305
2.15305052010497,0.26266616775907226,-0.06326007881720425
2.92844037138815,0.2641255420333126,-0.053087579453260265
3.3445874149789465,0.264586019726357,-0.047014286914892345
3.5555112919424685,0.26557455560313614,-0.03512087733151979
3.736597125398006,0.2655478832829341,-0.03284351926467781
3.601919825971767,0.2654794444083597,-0.034311152836507
4.016187152129397,0.2659385197075388,-0.028693499855504498
4.004915573400354,0.26645840401207743,-0.024594090864111687
4.138253675113693,0.26570906836989105,-0.02413854822377806
2.3016096260073273,0.26375403288596533,-0.03334954416786936
2.5344237160123972,0.26511926903628646,-0.03547518919722418
3.3752360580295684,0.26504181407044447,-0.023227552205758728
4.226712795896966,0.2650985217676267,-0.027023250697313733
4.748530716762174,0.2654773681067877,-0.027377549035369732
5.169758184136742,0.26583541651152753,-0.025403730485913725
6.070259256136298,0.26656369837291227,-0.013156207882790255
5.937963161664802,0.2666261643245129,-0.011486032110838113
5.987618039401426,0.267228858610673,-0.0034897240898555423
5.2289750795128285,0.2665200414484412,-0.005514134347504803
5.466009930900525,0.26752031749435745,-0.0032871663949065595
4.717973157363036,0.26573904175467944,-0.0014653437263906454
5.0211075298321965,0.27182719044363135,4.832134163616255e-05
6.344601060989862,0.2742297702350498,0.03346313126640135
6.720080092229591,0.27462851230770213,0.01171580677034674
5.873405287502461,0.2738193638068023,0.004340913292427303
5.506675360729302,0.2754545517814917,0.010522909487076572
5.426620661459699,0.2743941440076725,0.00904602872279004
4.428760774753813,0.27239209363529726,-0.011215133772775015
4.003670854595252,0.27138369346838065,-0.02206109297242543
3.803140440933334,0.2715750356405353,-0.018322745625615172
4.175453986509163,0.27188335795348473,-0.024414911406950717
4.230769610394424,0.2735416911088837,-0.008353637257766158
4.165052935522032,0.27380748270602195,-0.004292224421229865
3.2404367004093726,0.27228104570159384,-0.0027692037997316594
3.956136168068746,0.27472148799732565,0.003506318370638658
4.394341404922937,0.2760559195542407,0.0004993898770506765
4.384443215158903,0.2764813549391971,0.0
4.744250077075972,0.27828234377826955,0.00048599722599342255
5.186995173196723,0.27877151398065125,0.00013167754513411238
6.1280300848766975,0.2790179046417278,0.0031485098992631824
6.177740018192448,0.28057637903954125,0.0004292475978606055
5.257305279942903,0.27841657273513776,-0.002532511189450093
5.5757382952008845,0.2794739991344648,-0.0014593863646163694
5.872185115857017,0.28085288443599943,0.012073386965634817
5.775156554602509,0.28092419037309835,0.006174929320397194
4.590141779426592,0.2785787320378734,-0.014308846236632344
3.884135065375086,0.2766672226053293,-0.018652614256704957
3.693937681590281,0.27663299312476286,-0.034153748285205884
3.8545550205197174,0.2764106307046674,-0.029980339169210276
3.6619099004239066,0.27673644560476385,-0.03355751805429761
3.333584000067438,0.2740913880392595,-0.042670977136199016
1.7213807459126271,0.2735852238981211,-0.05949237347624026
0.90115320090326,0.2736902316903922,-0.06528399374695913
0.7572152164636714,0.27371858181403086,-0.06609314829682056
1.134872322108179,0.27385886479362176,-0.061706842427062626
0.9833957676714913,0.2750776048813426,-0.046844362130372415
0.7707237641766307,0.2735147123163941,-0.04403372584095934
1.8229941807258738,0.2740295565830535,-0.039264126443999035
0.39640441666206877,0.26963571486252547,-0.09079298280382211
-0.0007421847555401535,0.26869996972024723,-0.10574057325989558
0.24365645682467058,0.26969931236687916,-0.09019677301216449
0.14238884520947565,0.27105417582795455,-0.08781191343572892
0.4370216381864377,0.2721607584073109,-0.07682467470884202
1.1637902358161558,0.27269715469196565,-0.06411684751429994
0.8225567029082657,0.2741013568688213,-0.05396962504141176
0.3765419075729516,0.27419479243141387,-0.04910928848832877
0.6201851662733413,0.27528434477263786,-0.03921789309416668
0.12100118389405169,0.27571548081488273,-0.03290792886934949
-0.11760685554639866,0.27556926554418837,-0.03648917587452688
-0.1516534913314611,0.27572423173216487,-0.031458369953626775
-0.8083983722599858,0.27559749277742274,-0.02800489385105365
-0.31223469660033765,0.27478976064600946,-0.02647008416102214
-0.41094847363576986,0.27559833744264184,-0.026981668831658215
-0.9691694633165358,0.2756447124339081,-0.030989398560165096
-0.8979909919477321,0.2758861134616841,-0.024295672185570875
-0.24285551215372547,0.2752112390757844,-0.019989472407670877
1.1039755695528428,0.27638780832512655,-0.006943119065588689
0.9476216240876707,0.27600325909778967,-0.017687232840130445
-0.03596244329890708,0.27351852506979424,-0.023656051858682477
-0.5137027364934609,0.27268296664280167,-0.054438616472450505
0.8206988805299059,0.2731995383873689,-0.03866363020630559
0.7338980181598955,0.272505029355526,-0.039686907947271026
0.6669005281332028,0.2724574062562375,-0.05661298314936168
0.4783013679080294,0.27205975454815823,-0.05571770952863104
0.8146422444569197,0.27297602964227163,-0.0488535037672858
0.2711149796786889,0.2729357998800577,-0.04689217211110574
0.894862344138618,0.27274758828397605,-0.044803161216509325
-0.44796997159278035,0.27022537419697423,-0.07388030941890103
1.8321081973925852,0.27033099307339525,-0.07524463920479477
3.1028691151051646,0.27179153384792865,-0.05047356289121255
3.739362719131479,0.27486262912585113,-0.02015999070527734
2.983151135056666,0.2745248128606499,-0.006218340462454394
2.097973865470698,0.2737818885942642,-0.02173754965957029
1.9701320920984646,0.27404227192652963,-0.022163789791018244
1.0832501226063105,0.27357735198014366,-0.03094679236268165
1.2132646358873964,0.27393294468988216,-0.025787864457094817
0.691429342716368,0.2739524377109772,-0.021439064059125466
1.3668624092650787,0.2758275456888004,-0.006602140376802723
0.16003734637706246,0.27318429591352755,-0.020884884347883773
0.15141649261019968,0.27331898122458664,-0.030605678974901147
-0.017933765092062244,0.2728121893158306,-0.03299324187040072
0.49282870870567025,0.2731609393784151,-0.027919558724867573
-0.7445329318692523,0.27111174771432545,-0.03776826887574558
-0.11252819094065886,0.2726025685682427,-0.03653198422057723
0.3483472840688586,0.2739495582216611,-0.02045848512763333
0.512035187102016,0.2736783327684911,-0.021524387911518908
-0.23954064993596483,0.2730323730630517,-0.021908054172757728
0.467633572175364,0.27436006065444074,-0.012016718936989294
1.922010870595461,0.2752235870456545,0.01254109393527845
1.9125126910536459,0.2743729081174291,-0.010353949401150338
1.7177354577565451,0.274427503239955,-0.002978048955738564
2.433018146457559,0.27539717066720515,0.005021245428856345
2.649870346346886,0.27585564463972845,0.0015646582487376887
2.689656978870982,0.27554573221988155,-0.0010994610975261123
1.3973677535089015,0.27357861057739186,-0.005666419555788179
1.3496303419253426,0.27342508709647895,-0.023934425269969972
1.5241357300544407,0.2736555156857865,-0.01378553098796145
3.0419719362237494,0.27430989560394026,-0.007400179766010934
3.002233441069817,0.2743266139121818,-0.009091627159202233
1.7112655914905321,0.2729198359576639,-0.012728324019550033
-0.45565635206940397,0.2712594711638294,-0.028120793650304808
-0.8794156372694432,0.27003140296117345,-0.047065249345008234
-0.7346102997055727,0.269603513047487,-0.05789081471406216
-0.6275328771566986,0.27007615481897806,-0.05298544718132187
-0.5808198693561972,0.26971468441811997,-0.044020700279185705
0.09495844797656067,0.2714449103748857,-0.03636666726477543
0.00016329251278556482,0.2712613773628203,-0.03200451472573404
-1.4539387869590523,0.27014370726632464,-0.04453519901009457
-0.26367758060043234,0.27006252046593593,-0.045000868982178914
-0.19701509798021397,0.2703202202588044,-0.040513499182847475
0.6439970481101889,0.271409166325584,-0.031115498396933026
-0.20873580884336004,0.2701122763358452,-0.03937057131058031
1.4311698020555332,0.2711711397587664,-0.027432449491537215
0.6666416963354644,0.2711871669334318,-0.025654473057319934
0.01929153442491947,0.2713749933346903,-0.026628223645954744
0.023383458729367094,0.27111421452389894,-0.025654484963944884
0.6418921375634817,0.2715362143442315,-0.023283802876515616
0.4783149282824387,0.27256312031381924,-0.012573444963566318
0.39836526585739496,0.2732818032707234,-0.0027521174993633355
0.8316641586217778,0.2731525134933337,-0.002244095763758358
1.2576157133103105,0.2739397296726498,0.0020224822982167698
1.1277198498942445,0.2746682636871167,0.005008543622789066
1.433727972164477,0.2756719106867198,0.00045333036521113575
1.6438057855392056,0.2757161068757563,0.004526587911530022
3.0021441484691995,0.27564398583210803,0.006171823738630626
3.002171018927568,0.27549093038977923,0.0065421165563463585
3.561895077718752,0.27677482106665585,0.0019858378648998695
3.3458490939111067,0.2770448812637034,0.0017758503201315084
2.9798781243687773,0.2765187559193818,0.01222897211879061
4.337265471547437,0.27694442575140554,0.003145663648077621
5.92903703228721,0.27692007519944917,0.004674921938070984
7.888831604789947,0.27783423555501985,0.0013544120688855606
8.876173416958828,0.27857853354551954,0.001380803650840521
6.07639369921461,0.2766438992143234,0.0031560659575540118
6.711641455860043,0.27715821844351685,-0.005838696237277845
6.678039438109009,0.27866841932541564,0.0020039863877862555
6.96226966378778,0.27884666289963733,0.0014885792206821803
8.749520794958768,0.27973913088705693,3.864929347435307e-05
8.987258925404571,0.27992659604378844,0.004169628351681857
7.3948998881097365,0.27870353826877614,-0.0012353407972142143
5.62070473856617,0.27748046460465425,-0.021311015374747045
6.250988482271758,0.2767935713656071,-0.022160447994193616
3.4726916456212074,0.274447084032017,-0.038298145421175746
3.3049728777119194,0.274194172664314,-0.05729290480973176
3.474985077589745,0.27468350996067814,-0.045131591892512216
2.9342894506782016,0.2736282709215194,-0.05200371756312338
2.7505376529657664,0.2737183967108556,-0.059107426669938255
0.865078544894728,0.27156686143711495,-0.07281289326825714
-0.03867411210222933,0.27060520958862333,-0.09400818439546645
-0.23066750245924236,0.27011934224662815,-0.08841020126516606
0.1926266185990601,0.2716885961189519,-0.07744573036240732
-1.7210853878650336,0.26812032172981737,-0.08111348563107404
-1.9401363543619936,0.2686746834397262,-0.10319663523071694
-2.9918312405034597,0.26585900581518707,-0.13358047824252048
-2.7938862328256944,0.26622928948989344,-0.13473869353917323
-2.7915855575639275,0.26608640298077946,-0.12350391586245808
-3.602755800148837,0.26567565967863915,-0.12890898008477866
-2.3818264743438524,0.2682324294845795,-0.10373721576121206
-0.9021989719245816,0.27118218993586973,-0.07269707422513895
-0.9442184007711826,0.27149091346519283,-0.07397107997525387
-1.1886148587240128,0.2707835912454881,-0.07038072781469207
-1.7655090490188798,0.27013673515666903,-0.0456721247984579
-2.9667941331975647,0.2671553054824458,-0.10497254371611248
-1.7016065176020563,0.26882626120332453,-0.09995365167128317
-1.955032352037104,0.2686272577637323,-0.10172962433724447
-2.465075804493555,0.26881892549946684,-0.09736699014580406
-3.203871673696995,0.2666992792318945,-0.09659488723341622
-3.543844401766093,0.26672015848161257,-0.10878108747674843
-2.8997261165932278,0.2684562901404226,-0.09084772015162396
-1.9639809535542025,0.26989996329599686,-0.08416130223124842
-1.0201824832808621,0.2714605247340467,-0.06336792318982061
-0.4689036140926646,0.2724444924473026,-0.050961427014171695
0.24672835580584518,0.27231912749068177,-0.05239144149797352
0.35051332000584284,0.2723763348216637,-0.04918356507482411
0.27068916202195953,0.2726254027948414,-0.04620751255860406
0.5666642506429433,0.27244887013259667,-0.03882541497055734
0.6887148305197728,0.27289818570290403,-0.038168429874272734
1.4188948463444497,0.2727971219537868,-0.033762412870706034
0.8926460740664612,0.270411693631887,-0.05316441450839937
0.6600413508464015,0.2692564081151163,-0.0629040722140318
0.6452456012927191,0.2707676523300133,-0.06433414691260003
1.4538737183966937,0.269355299709779,-0.05683618908929801
0.9481276623275249,0.2685331921496512,-0.072141300065396
2.0350010652072794,0.2683866418364522,-0.08574596802032695
1.8026183008249215,0.2681618878148979,-0.08068292650334659
2.3204832221774945,0.26940338062540836,-0.06711695441530541
0.7643547022493539,0.2651686589502318,-0.08725328308490984
-0.96164399087148,0.26262088012928975,-0.12713959819381435
-2.6679208347543923,0.2610764253904585,-0.14294717618652616
-3.659581251372106,0.25815772813083027,-0.16192411912934615
-2.849381622675378,0.25957637814549517,-0.17309382935257173
-2.5896326185971668,0.25969841993532783,-0.16818533151236054
-1.8971333999336615,0.2591129298552812,-0.16845588063275857
-2.2066794896541313,0.2600258106731015,-0.15450343611235282
-2.3234298002497127,0.2595092021245895,-0.15941191715825634
-1.7865282483528284,0.26103359991542563,-0.1541942501942995
-0.7583763755391623,0.26188764137575826,-0.14399075894658397
-0.37741266322433203,0.2629397117774226,-0.13386457932665197
-1.3572063677809938,0.26203470375191795,-0.1303088807833863
-1.6188695032929863,0.2628229518514713,-0.1304248153197855
-3.0374500754416816,0.2605115217971741,-0.1349854803118709
-2.7888838958705415,0.2620292566950626,-0.1279898855168539
-2.6196636785785197,0.2623475028090061,-0.13548791451006964
-2.5719200918373772,0.2625305335709409,-0.12965178157673593
-4.018118506330169,0.2544357097008554,-0.19806133865439798
-4.999267153618478,0.24814402037865335,-0.22747365163671573
-5.777643144401905,0.24500955649574196,-0.2496198917421906
-6.53084015598368,0.24077052651614794,-0.26434527703536975
-2.137823842705431,0.2523643443599548,-0.2246522944273842
-2.4887431905845627,0.24873790202331758,-0.24718494737543015
-2.181329749242701,0.25192814440827704,-0.2287878399522964
-1.695864446854743,0.253646502547491,-0.1769974702067665
-1.6093027782940967,0.2534185104530533,-0.21344391507184507
-2.063155534763779,0.25008792452648665,-0.22430445655824238
-1.8630111462205035,0.25115025194194085,-0.23153188034351416
-2.3035078981995754,0.24947393796791983,-0.2509726448640534
-1.2889605118891554,0.2521447742511145,-0.22086461343936178
-0.6255433295751954,0.2540433889372611,-0.19609030114881715
-0.18042351539598167,0.2554687973143881,-0.19288238620853004
0.29323413364148626,0.2557525959405478,-0.1893266246975681
0.11763451842213178,0.25601521209064315,-0.18256295708183642
0.15152535792264807,0.25635808344783806,-0.179702933565968
0.30499901835335136,0.25678387150330306,-0.17452378890518688
0.20321092381748937,0.2570257308694084,-0.17073620514156557
-0.19700038886263946,0.25382799381309384,-0.19999384985528773
-0.8248643189104167,0.2511395648271946,-0.21116353963918486
-0.9893145172247487,0.2509106876668705,-0.22449771864594772
-1.3018818367887983,0.24990346535570862,-0.22917426029095
-1.100175149319671,0.25034516463314915,-0.22681664172621174
-1.1659109151302935,0.25070139525932067,-0.2249228375940776
-0.051737909273045335,0.25563455130237966,-0.18238112986016064
-0.16325625311748077,0.2563879780961815,-0.17413799102358143
-0.254604002546294,0.25608267296914056,-0.17204812460434177
-0.34221611498216886,0.2556686209137069,-0.17584073652245272
0.8257353071075639,0.255521140514843,-0.17735005113733948
1.7302357467202636,0.25448180421446076,-0.1893084821319825
2.153060121540384,0.25365368075338157,-0.1932171419915968
2.6060991501469326,0.251677578593569,-0.1987512858191816
0.49286033757628417,0.251310172612248,-0.21535367188657115
0.7925282429024851,0.2487392927706502,-0.23489731042662107
0.449133728856475,0.2506991345287566,-0.22313240882199814
-0.06153349141968219,0.25071220593593746,-0.21543105454362327
-0.07310331455155261,0.25044905749463586,-0.21125146986180146
1.0628942007140725,0.2507421039477382,-0.218410973939524
0.8130142898944107,0.25101327349935976,-0.2177530757466149
1.5581900118151155,0.25157147987971795,-0.21140623692682195
0.6120000485741013,0.2513188965314319,-0.20184734331574755
-0.38991236914819505,0.250364638747385,-0.20761366505556927
-0.45027376701321464,0.25161383027987894,-0.20393715887250413
-0.9240379423377153,0.2505517804754278,-0.2027761473466422
-0.8667314751233239,0.2509698715983646,-0.2091615958673539
-1.5459286986256573,0.249325824563134,-0.20858115328174834
-1.6635916189950875,0.24942528468028957,-0.2272346824058007
-2.1570667996515454,0.24822793146761457,-0.22456433886449376
-0.8614503975275091,0.24896441693041615,-0.23106592754951438
-0.3512181590931006,0.24775138172765576,-0.23222699135172326
-0.1393702855709968,0.2480679523671525,-0.23540035037892615
0.9075508153176383,0.249795825856459,-0.21941717787011794
0.7906921411770942,0.24992530413845349,-0.21709521156627953
0.4436503260460783,0.24937038084423113,-0.2126833463873916
-1.7959644042830862,0.24980614804884205,-0.21179328926835664
-2.379122169111662,0.249509592874261,-0.21577935055418515
-2.2400623913729345,0.24947030531410963,-0.2135347315355488
-1.1311931101464354,0.25102719467062307,-0.19739681094604897
-0.5564939146527345,0.2519938684738834,-0.18656075368310104
0.7787577298749664,0.25370248969429565,-0.17437021040167427
1.3483073448721277,0.2540521120496546,-0.1693005049786128
1.6314552039332288,0.2526025002582548,-0.1631858494124258
1.79193812149871,0.25255330433242373,-0.18176193595419174
3.6158859975749738,0.2529151637006224,-0.18214892676139094
2.942109575859473,0.2533279839109721,-0.17382835842655917
2.585206181825579,0.2527781092008987,-0.17905291453733335
2.072366705918953,0.25172788311300853,-0.1837743264197591
1.9740216489320634,0.2518453978417079,-0.17998169642689305
2.009588863347854,0.25217789185158734,-0.17800803357321132
1.622791295824397,0.25205203420105193,-0.1803300259180266
1.984958372220503,0.2524246794302192,-0.18036872112610644
2.8342253106343,0.25284802892305924,-0.16492732471138719
2.5398107781276944,0.2535021564695925,-0.1681394853901592
3.164822837911445,0.25333556399376334,-0.16736545913870546
2.7688697074423385,0.25311612893287694,-0.16527559786246426
4.06442342291033,0.25308917079256044,-0.16701712294464144
3.9907398597209633,0.25308104510338647,-0.16852640376035777
4.054417738627666,0.25195520622023526,-0.1686812839741419
2.8807316049738882,0.2510328968428426,-0.1780467026634597
3.3575411305668688,0.2503898638438202,-0.18791524933033396
1.517693836405305,0.2482844200569836,-0.17344139509991305
0.6940227059249718,0.24859754418416324,-0.19550045605194874
0.4494665130222197,0.2483569955438707,-0.20533034948932483
2.557928837858354,0.25227524847575933,-0.16647536719321626
3.304540865789537,0.2547235567453989,-0.14530632742337585
4.4501637686414055,0.25799809140802843,-0.1060257035892656
4.12472291328631,0.25724853342758114,-0.1105902462421796
3.8728682985986476,0.2580481422551528,-0.10578596915387499
3.9579338031452638,0.25925858683640945,-0.08951342141378713
3.219531148708616,0.258994056650073,-0.0890485054934801
2.8617600030177743,0.2585064844067513,-0.09230302806952857
3.4074047489408357,0.2581886132572204,-0.09679732472694935
3.3456514083968774,0.25799975405539355,-0.09776592415433047
2.4035615596512647,0.2563204368603518,-0.1070645337873984
2.0385179899439763,0.2558513218265652,-0.1223684120641216
2.643099623392943,0.25679551177924176,-0.11241123525336011
2.9891301894292024,0.2565102374863859,-0.1115975878400033
3.216759116946121,0.2571953593518608,-0.11086141299006881
3.2207865762671113,0.2575353488792549,-0.10539854481207322
3.536770277253588,0.25818182050865635,-0.09567371299059012
3.2891619723760055,0.2579629764708713,-0.09578997963188467
2.71041071963263,0.2570468779797508,-0.1055922104209704
3.4048064838471612,0.259982108667804,-0.07459690214202377
3.611758666551541,0.26034955242645497,-0.07052886867029336
3.658811491750716,0.2602453581117665,-0.06502713613477613
3.3887334360874126,0.2595612660058839,-0.06956024170579501
2.863428587734581,0.2582853276729924,-0.07486816848290707
2.1776688056711295,0.25557997554346135,-0.09950941376524979
2.885324014163829,0.256645168802371,-0.10714202953033437
3.570438810565406,0.2579696763349242,-0.09141190604716552
4.796415396531197,0.25879377780744695,-0.0771540476799198
4.83567399789613,0.2592109571377803,-0.0654145854993164
5.016600783161736,0.2594203075010879,-0.0697538881679914
3.8211312539466085,0.25897302139803013,-0.06549209841820107
3.8255908471763087,0.2614326651296619,-0.04573260086118078
3.8351395467384957,0.2647550311110267,-0.005671117310067195
3.9095847879613443,0.26415914309317867,-0.002959083982567047
3.248701617750529,0.2634106604378883,-0.009158139151769355
3.304078934333072,0.26477790903584464,-0.003617735150909655
3.1908785299772604,0.2642597196640253,-0.0019517367407109805
3.230128738420158,0.26385978173167923,-0.012025191565566232
3.363431526426854,0.2638482440019758,-0.008460758712387991
3.52286624612803,0.26403206197787843,0.0026588435139231945
4.569272176561216,0.2644844061035454,0.00029536921015588794
4.889343830011746,0.26468737320466373,0.004402264233864915
4.262812707803443,0.2641970520968433,0.0037436560024953587
4.332481317057706,0.26405655830260644,-0.0027266222925526906
4.225594826650174,0.26447520836051863,0.0016127155680520971
3.413419760950642,0.26313998328481625,-0.00040200373321655654
1.7817203033854283,0.26025065436469874,-0.006678507734896508
2.134461601143475,0.26095333167924606,-0.03259834475982424
2.494627022187097,0.26091522893919006,-0.03585283677230125
1.6332232597834024,0.26134712262755655,-0.024345793117790216
1.1842159434827382,0.26066467522633263,-0.03511670733147138
1.8169924424163486,0.2621409435966151,-0.01830176723010259
3.1174513995308692,0.26516645515135395,0.008160519860166545
3.7061743252820007,0.2652535335340289,0.009590210589531432
4.447240073658654,0.2638501149353012,0.0003045026499143019
4.1475472287015664,0.2641250984214214,-0.008182064860051573
4.009085713671985,0.2650443175001842,0.004984390541385738
4.308796253117574,0.2667762453169371,0.0011532218347874215
4.128271291546342,0.26675765227073267,0.0033086046410316055
4.097357290015439,0.26689081592441344,0.006340346227961793
4.479503845654592,0.26731939850860553,0.010095876247507301
3.47199760794697,0.26693920001072846,0.021812908449319317
2.066435633548346,0.266471836940138,-0.0020264364161905217
2.484723355424727,0.26669093124285603,0.0003315822919486804
2.863309891505073,0.26664545859914335,0.0011054485898988626
2.130728271067811,0.26646064427778127,0.007369227843517102
2.160621405146407,0.2659991354928395,0.003279348359502142
2.5241537954144087,0.2662872811209598,0.009562927944486552
3.26495789321873,0.26792259247723615,0.0023978334681539508
2.853941927051727,0.2673279054860307,0.001743909123807902
2.517188927311272,0.26710045078695877,0.005267982586852861
2.2977532883875984,0.2668669850885077,0.002579442161955041
1.723476454460061,0.2653270637560985,-0.01729340514305177
1.7525090307460798,0.26524656524946066,-0.016494127320333788
1.6788997912716324,0.2655055506952202,-0.011044536039679836
1.9822571104221625,0.2647419801328086,0.000653924344346049
4.605859048488879,0.26622222662867134,-0.0069755256230131695
4.8241550792363,0.2674395659362476,0.003914129166815519
4.976117764122195,0.26766777111362083,0.012311815890097494
4.794278653197046,0.267759647186687,0.007133889653798375
5.40917077627649,0.2680575637449636,0.0005379017149050869
5.292523655794243,0.2691903289770867,0.0011303684822307606
4.817855157045835,0.26998215964134276,0.004227930552276561
4.253895866123654,0.26933489304114167,0.008490837048994261
4.596989099692239,0.26828435472935874,-0.005101476091489393
3.929920771466606,0.267661826470853,-0.01764557723850843
3.1379387278965587,0.26733200151113623,-0.02278202927443896
1.9275973396447152,0.26705333618950156,-0.02152417488228142
2.2153045595865968,0.2674369163148218,-0.022502541620840717
1.9006769195324504,0.26714754518514083,-0.02306162356201416
1.594972669209521,0.26714429965318875,-0.024354453898612842
0.8965595999054651,0.26586878167059624,-0.021104890084895574
1.2795920837811046,0.26593926486680597,-0.037352815787458866
0.4939473865187132,0.26505967385660556,-0.03504664276785975
0.5445305823995729,0.26508775157242703,-0.04388691935933454
0.9168721326519437,0.26544410998570944,-0.04049755840182967
0.6299758906694805,0.26458335098590857,-0.0430133738201217
0.6608655466847769,0.264915234404997,-0.04783536225801285
-0.24072630408283358,0.2652623641544305,-0.037597434130592924
0.05294013752290336,0.26506951912630927,-0.037807076529285846
0.2445720100790013,0.2650998694498239,-0.04133623463057832
0.21435892822848862,0.26482885928414635,-0.04231460136913761
1.1101069328507251,0.2644004225867247,-0.04371225290508275
0.9113551525930995,0.2640788769042617,-0.029176442336503988
-0.23084421221405443,0.26290336910518497,-0.05129456847042304
-0.7816946917586046,0.26136870478211516,-0.06513160658801771
-2.578001861994307,0.2606832117172637,-0.07865407447359604
-4.259537404805083,0.26021911936137765,-0.09399347869250536
-4.463402158226042,0.2602471160877191,-0.09077889082322924
-4.357695120410685,0.26044166891252996,-0.08697024506833852
-4.4936972097837184,0.2606111076753992,-0.08518817804547171
-6.456622833421949,0.2602091989805255,-0.08515320210103057
-8.378856562624566,0.2596053466273407,-0.08787865991801554
-8.524769665032501,0.25871285562000224,-0.09535626091798631
