Daily_Return,Five_Day_Return,Ten_Day_Return,Volatility,RSI,ATR,Volume_Z_Score
,,,,,,
-0.012691640753931921,,,,0.0,,
-0.026599923969502837,,,,0.0,,
-0.016693238584651438,,,,0.0,,
0.0009884438209670776,,,,0.5168139790644223,,
0.00011618332353080518,-0.053952954188704494,,,0.5819176063428764,,
0.016783644736023007,-0.0257094915449666,,,9.769216580514964,,
0.002570230880320823,0.0034873471446743576,,,11.146102766798494,,
-0.01902792847364132,0.001104741985186175,,,9.934380804240753,,
0.005110567618076933,0.005227344704338721,,,12.62941412861686,,
-0.018894040742551077,-0.013880032397267539,-0.06708411783390456,,11.278825165468353,,
-0.021024699498714217,-0.05054817058467076,-0.07495809436537726,,10.019104007352839,,
-0.01034721418453144,-0.06278122066977743,-0.05951281343574499,,9.470291541088411,,
-0.01276509951696092,-0.0567977262561179,-0.05575573110379006,,8.834048339239997,4.071026464072473,
-0.00486445529889612,-0.06615835243899915,-0.06127684024793012,,8.599964380244927,4.319640206826953,
-0.011384576442225125,-0.05901065300006758,-0.07207161562191033,,8.064027706251627,4.4126697071747945,
-0.0005632694863746401,-0.039343162251182395,-0.08790260795904004,,8.037642716233472,4.55712196020341,
-0.002943100352522321,-0.03215598238149786,-0.09291841122552902,,7.892416916426524,4.620596053538478,
0.06977766780000527,0.048765512093944086,-0.010801984368825068,,36.91139020545518,5.069219362666913,
0.026125652496498786,0.08142574259716251,0.009880397181813105,,44.45930322834712,5.091218325074059,
-0.0009728110281153057,0.09281495510224458,0.028327230993421493,0.02119943789208053,44.24150597479749,4.904560988852456,
0.007044624789884546,0.10113366141761082,0.0578115811162192,0.021128174819079682,46.29137063828819,4.732635904564764,
-0.016719829234796535,0.08591886282200423,0.05100007500136372,0.020604118548151296,42.28957552626432,4.682830406684329,
-0.0016794374735941142,0.013383586722217622,0.06280175627632434,0.020249087544323308,41.90426840243425,4.587914798294588,
-0.004234583545432602,-0.01659964663624336,0.06347445740671254,0.02027430941821351,40.89423129933955,4.470356889142539,
0.01846684097113327,0.0025359293083941914,0.09558625657553987,0.02068588478944888,46.88174462827494,4.4256430344014746,
0.008293654017966112,0.003779366438272813,0.10529524902162501,0.020430974561844648,49.406372233675576,4.237015088303924,
-0.02359896325907007,-0.003243182167742109,0.08239703013048505,0.021124260374224376,43.08008631524368,4.265709322119634,
-0.020218371026448634,-0.021753076792554338,-0.008660624260064975,0.02118019458501683,38.624591869718884,4.314068867596098,
0.0014231408890104102,-0.016194888660197138,-0.032525705867367916,0.021142330077935683,39.09244144919309,4.217472663413141,
0.02315266810495209,-0.011668535420547022,-0.009162196693111802,0.021353971219037867,46.277400902702865,4.201330332733662,
-0.001389050346456644,-0.021159541683896443,-0.01746014490731307,0.020722939670715354,45.91931224060574,4.131699649841384,
-0.021269245824369953,-0.01882400372795512,-0.022006136222481154,0.021207306890462175,40.729561960145766,4.122383477625478,
-0.009355796187017207,-0.007945969914109674,-0.029526197412931054,0.021099324340778863,38.70161427870945,4.132644757289845,
-0.01781228650468758,-0.02700143456954207,-0.042759038003219896,0.02150778989453975,35.147118232585655,4.19821443188105,
-0.025863905577570456,-0.07361525610581998,-0.08442480930300356,0.022183478268775977,30.80217634060321,4.3466622297900495,
0.016680080482897486,-0.056853005359872255,-0.07680956350700174,0.022477888548146186,36.14303265598048,4.79623036284433,
0.012965434399703213,-0.02386299699644201,-0.04223780357997586,0.02260300081030799,40.079033617725464,4.751355392081723,
0.0016378302642303666,-0.01303036350910447,-0.02087279454680091,0.01603735934897262,40.583710674125896,4.621423048215482,
-0.011627832470260446,-0.00681579956538414,-0.033633197768922374,0.014805711084883646,38.124667821280255,4.615653728409943,
0.02058810182182058,0.04054452317771373,-0.036055428385522115,0.01573625753273764,44.46620350321156,4.594885352697226,
-0.001981126981757564,0.021445282820799383,-0.036626951318227796,0.015586623550847747,43.98938187527915,4.502047654527035,
-0.018408414226759984,-0.010191206041652245,-0.03381101031893219,0.0156713214800282,39.73420226762893,4.469781333079371,
-0.0237174336792364,-0.035247032075856444,-0.0478181139443955,0.0163548056228821,35.108768566180665,4.569411612189838,
-0.011676324741830002,-0.03529436552418197,-0.04186960576836585,0.016449271220335158,33.113541701949714,4.738979793135831,
0.03499750910749566,-0.02167394767575359,0.017991815628067842,0.017990509346779687,43.378814543192405,4.818681267095718,
-0.027186293743205137,-0.04638176830175755,-0.0259311556199181,0.018522423358527593,38.2906422848182,4.962739912521961,
-0.023908559210606417,-0.05172517039443936,-0.061389234567062245,0.01853879033955827,34.5561835654881,4.943097856895925,
-0.026562318841745536,-0.05448844107629991,-0.0878149173217766,0.018861666245785714,31.022705132125004,4.914349733180423,
0.029677491998117977,-0.014925985261387553,-0.049693547605945576,0.020400152883355546,38.40021678778024,4.9268849986413645,
0.02901514462176258,-0.02061978814471277,-0.04184682361113268,0.020848821229227762,44.80080564352553,4.963041684977161,
0.00645400181943212,0.013247579865327541,-0.03374863461630262,0.0209691753565309,46.17928728226347,4.844607171077753,
0.020919001639600587,0.05978155777420491,0.0049641761174497034,0.021194346157054275,50.52025158192197,4.829200334117412,
0.008537556652792766,0.09799479057717364,0.03816676612872505,0.02121219372114697,52.24844713747245,4.718225552473658,
0.020800857865100886,0.08852920731284608,0.07228183640790475,0.021297536652677952,56.28848697160498,4.69713502581213,
0.00823352555276724,0.06654566367883463,0.044553718047115165,0.020328835873860304,57.84059836630535,4.71117575292772,
0.022677775777909526,0.08373809943112853,0.09809500645644076,0.020579729098773394,61.8877718799902,4.649959543960965,
0.0037340131278158495,0.06549568572485298,0.1291926776191794,0.020461137319724203,62.539888600084744,4.49504620700542,
0.0050367470593002395,0.061797164540584815,0.16584775531517626,0.020462379569107295,63.45170160858903,4.435258020236247,
0.019134540666647215,0.060063926502125886,0.15391054561630213,0.020438955137697338,66.77685709304254,4.357325616924697,
-0.006649635980160995,0.04441566421615262,0.11391699774798725,0.020239355211983407,64.53735240849764,4.24993410531441,
-0.01777567876904107,0.0031023369871989726,0.08710022022143038,0.02076403730235891,58.88954759777038,4.200649600573998,
-0.0017180812344735896,-0.0023463262291096854,0.06299568525043364,0.0202001797622999,58.36733032590841,4.106550685793262,
0.023693216944348228,0.016173091866670486,0.07896970762647015,0.019611186101025017,63.20484086629471,4.106032815935209,
-0.0189419595834176,-0.02179276390862339,0.036962203623816636,0.02001646585193748,57.333325766617534,4.09434631355189,
-0.018450630205887775,-0.03341385789802265,0.00951770762556503,0.019431548092042502,52.3304471125325,4.1472374713054085,
0.0018039196724222162,-0.014145989945290705,-0.011087538585919599,0.018110508046238264,52.75649436852328,4.096881658204806,
-0.011908817441909525,-0.024209858644759885,-0.026499380647528326,0.01730830295006527,49.59923319223344,4.010193353169326,
-0.0255159763686007,-0.07111633893008362,-0.05609341814615054,0.01720954342467086,43.64417355852315,4.045281786965196,
0.011523559935184169,-0.04227102892699819,-0.06314259028204094,0.0162902017120946,46.67840143435701,4.0449409993282694,
0.01634229848999391,-0.00832246064712383,-0.04145823302772156,0.015494229589605253,50.77290051541172,4.055129742611269,
-0.029987989208732246,-0.03979301227054255,-0.05337609066436133,0.01716809707510664,43.98871407272142,4.201890552760795,
-0.001331212856153785,-0.02951391048725671,-0.05300924153106612,0.01655867319542805,43.71782821502097,4.1140071866568775,
0.014115414157811035,0.00995488764716801,-0.06186940644684247,0.016747741526995794,47.410942403422716,4.094045694616391,
-0.0010157071186960298,-0.0025649334921348244,-0.04472754004129109,0.016069145170910577,47.16771435310204,3.996353027263398,
-0.004843470168017894,-0.02335657878901931,-0.03148465522832011,0.01596722661631873,45.958149713381914,4.104580466928797,
-0.02782137394831219,-0.02117515163467043,-0.060125540836383884,0.016017987876273097,39.69219325673616,4.257614873621091,
0.006737258645356903,-0.013267003812615252,-0.04238935313691239,0.016103506573019923,41.707193937950926,4.283434865876588,
-0.037328079476524834,-0.06332145708242409,-0.05399692742616646,0.01765031539448373,34.735631615777166,4.408983778692004,
-0.0014668976578160464,-0.06374450727427661,-0.06614594034476406,0.01671345233714848,34.50068240814736,4.402976445284843,
0.045155455439102044,-0.01670490362724608,-0.03967131301853266,0.020318933689973975,46.48316411678261,4.645375973875089,
-0.036604770500539785,-0.02558873477500434,-0.046222041070674624,0.02140127837812233,39.83413248000416,4.9405114810005415,
0.001966669166906909,-0.030206142236232525,-0.04307240104463528,0.02144572901182407,40.31006634518699,4.9350657149100865,
0.009622560906719757,0.017091843392128547,-0.047311894118109654,0.020682688545464685,42.70297338882078,4.8900809115607675,
0.041008380700914726,0.06035656747903295,-0.007235339449961242,0.02284737484297537,51.67903827436541,5.04655123992541,
-0.05571626624261161,-0.04198226833863494,-0.057985862219230855,0.025581259123380034,41.72316357195184,5.461539458479143,
0.004727067410905006,-0.0008811372671322371,-0.026447324854307563,0.025626059496369022,42.67595709068374,5.440435012210561,
-0.03318923859023304,-0.035937124314945,-0.06505774466255909,0.026396809383800398,37.960990292194104,5.4580181179957385,
0.016112073398537374,-0.029740454077072154,-0.013156929868439637,0.02635016028925679,41.24225159012083,5.396476665609606,
-0.05184120604045861,-0.11627981297268408,-0.06294149587178632,0.02824090566668136,34.76779821662948,5.687289073466822,
-0.026894118512920673,-0.08930623196979937,-0.12753922211356572,0.028073374033422516,32.09852065213052,5.821231183437035,
0.031916295289076135,-0.06466166809832874,-0.06548582955994453,0.028969688080612784,38.01673807759476,5.794076164707729,
-0.010672380569772377,-0.042877797602499435,-0.07727401717465232,0.02897704756254965,36.8240650648822,5.61452545383867,
0.025422568145555102,-0.03410781890529635,-0.06283389096054648,0.029491823521273646,41.483247255263706,5.5102350998261445,
-0.056419096033575866,-0.0387713290456162,-0.1505428191281737,0.03160111458109699,35.133286380776624,5.77187593451843,
-0.024641288688603935,-0.036545996058618746,-0.12258844282683967,0.03180623490884641,32.89830963901683,5.71457318977548,
0.0017472744577138322,-0.06471345891162528,-0.1251906468083156,0.03157149103873828,33.21474251539087,5.87392705330479,
0.04011902340913398,-0.01669648696878956,-0.05885837598236843,0.03320492260797348,40.19998531458571,5.852126356145046,
-0.019215816974022304,-0.05950135811912893,-0.09157971547707877,0.03254155252927086,38.06403125953521,5.839599936496996,
0.001140091070031879,-0.002130191459066455,-0.040818930150692934,0.03256142538328413,38.26957492970471,5.6645133834702515,
0.023199308852311473,0.046814558154592234,0.008557677438169708,0.031126590867830962,42.45899271127124,5.765006766359636,
0.040756838622006075,0.08757911096712956,0.017198104856416263,0.03190851399657821,49.14080472498298,5.7671241538945095,
-0.005346315492209097,0.040039212408143454,0.022674211251140663,0.03190205313842791,48.31591657314481,5.623171735205917,
-0.0008733650891538103,0.059489841345812255,-0.0035512431276840672,0.03177982389119501,48.17441311361392,5.506338736563445,
0.016811433647042406,0.0760745615150411,0.07378231667478308,0.030451782093633212,51.13828665284948,5.4224039219436335,
-0.0385556577878674,0.011128320764307364,0.05846384633848323,0.0291354455640021,44.71603656001032,5.508622232839388,
0.005227367231124047,-0.023389689026213523,0.06214097377020256,0.02914290024408758,45.673790983061345,5.372611689082393,
0.017586009012163784,-0.0008733650891538103,0.03913087846867502,0.028605055950989704,48.89802075487146,5.33260303877625,
-0.005043137568731759,-0.005043137568731759,0.05414668832323155,0.028339747634308413,48.002714305191496,5.1207708055254075,
-0.035955721119452666,-0.056676155263654104,0.015086792591346043,0.027056359215036543,42.112303866028405,5.135933059768711,
-0.038628725185083645,-0.05674784554778245,-0.04625103301141409,0.027765728976794194,37.042367219974295,5.160535197761398,
-0.038284858288696766,-0.09757741486167182,-0.11868479849828895,0.027746824932833373,32.969515583332374,5.191096613275018,
0.006672520829833495,-0.10725578910340872,-0.10803548073074987,0.02783380205774571,34.273977015519364,4.989373016261688,
0.02011144052335423,-0.08468535935193056,-0.089301417003393,0.02756015417283535,38.20357714525602,4.996381313654025,
-0.03965129455611205,-0.08819413228515338,-0.1398717832140709,0.02611408158657531,33.823551033155105,5.087773200106705,
0.011532837996034218,-0.040618748205680455,-0.09506156730394277,0.025834271786002318,36.0297426361425,4.953761443162436,
0.03276095525408396,0.030254651385525966,-0.0702749341458867,0.026966435894179415,42.01197302870052,4.985765228333307,
-0.003827056255176986,0.019509113084255958,-0.08983914133771231,0.025236105466064123,41.507653250507914,4.899727634563824,
0.021573492334331368,0.020970301622958765,-0.06549093525763039,0.0254595501154533,45.46652242166288,4.777040379084915,
0.024517404299694734,0.08918962180758294,-0.006870511781731259,0.02606532395287252,49.72118813154438,4.691181680808418,
0.0,0.07677139178733539,0.03303428574924561,0.02552329738031696,49.72118813154438,4.532883185873359,
-0.029789728979094376,0.011555150820480531,0.042159399265787156,0.024380774228564415,44.68767943436963,4.6370385598666495,
0.013023802402283069,0.02866620867216607,0.048734574063104,0.02467003981649262,47.13246183496652,4.586433572984422,
-0.018027743161067145,-0.011209975549001383,0.009525249505508926,0.024888006169981384,44.18339056593162,4.641866583690179,
0.01616452316196426,-0.01927157168172733,0.06819922593592476,0.024860080347953284,47.30949132596544,4.547421165624349,
0.01893053963718372,-0.0007058532961352615,0.07601134915125818,0.02395263559755724,50.8382022675197,4.550922094244681,
0.009607087927199665,0.03987195721477321,0.05188783451437806,0.024032984353207526,52.60573521229636,4.43912093177732,
0.023999412119086738,0.05113845335313916,0.08127060760029825,0.024332648633585596,56.822179713136634,4.376695817463818,
0.004714797881424815,0.07548288798480551,0.06342675110712648,0.02433491945801285,57.63864423092808,4.242965109637058,
-0.014757834390583868,0.042755445089603716,0.02265990878304791,0.023118993486214302,54.16952922504942,4.168594203310613,
0.006833603298609603,0.03037565496137562,0.029648360909063642,0.021166764533901306,55.48583850339751,4.12198390604498,
-0.0025365406608618413,0.01798222051578291,0.05857116405758811,0.01885275733132127,54.85178076743398,4.13131920149873,
0.02048242934560851,0.0144859041205887,0.0663651442058768,0.0191639978198242,58.92335990302683,4.2360969700984175,
0.0114499519273632,0.02128655924788747,0.09837621819998321,0.01891946692629195,61.07966983566656,4.120125875922851,
-0.02064310922477952,0.015185975761465187,0.05859070400387023,0.016910658101300654,55.37142610668256,4.167477087446206,
0.026721852135901614,0.03523921120764539,0.0666852802897755,0.01748918091192405,60.42134055263938,4.172860606667511,
0.013509937427051755,0.05189339854940367,0.0708087776012154,0.01650213044915747,62.77595011106885,4.109812163394549,
0.015094225463381461,0.046339343005902256,0.06149651440628556,0.01644550074386752,65.29382834064843,4.0709099509783995,
-0.008110742370795787,0.026103913678258372,0.047946135431259806,0.016404592526816118,62.79864651022871,3.981469496659979,
-0.007398185964317627,0.039981048481660064,0.055774175476285714,0.016010937279164878,60.54432419912215,3.890700787469847,
-0.008826650519958346,0.003973468641915057,0.039352701750259955,0.016245863844006576,57.8938207504907,3.773443501153029,
0.034234848201470935,0.02450337149645465,0.07766833326872802,0.015632748625071444,64.35435193620245,3.9058893745455925,
0.003571777861695491,0.012874119630274627,0.05981004088162334,0.015575018253284311,64.97876747733342,3.8534912181681094,
0.03279314774703912,0.054643391122922935,0.08217371116614136,0.015551209709918376,70.16472567616057,4.018803660286165,
-0.006153689661231532,0.055965673414540174,0.09818428819829594,0.015793179332683167,68.06120053633236,3.921159158505188,
-0.00928720707354136,0.05547501059405091,0.05966890745097131,0.015993963598229268,64.91747967176337,3.8361016612620404,
0.038247618662936356,0.05957019163798116,0.08553323367025634,0.017518467623490432,70.83634037283123,4.023700733887612,
-0.001926107462693838,0.05376552919601907,0.06733183268114828,0.01720505655489914,70.16975005179087,3.929916565120184,
-0.0013891813078374948,0.01888907775534121,0.07456463214200038,0.017290463726509653,69.66156497200585,3.8494224684963014,
-0.0029028921674737473,0.02222178828203747,0.07943111904225719,0.016732138843484064,68.54596928829334,3.828067938454982,
0.0003034805978030519,0.03211750172417127,0.08937423106662501,0.01679275692676022,68.60241513716495,3.735178755945479,
0.02619433008709171,0.020135379281663646,0.08090503932215687,0.017215072396596646,73.09221054460234,3.778884552205084,
-0.004431547934990898,0.017574558398976592,0.07228499302770297,0.017150206306160494,71.18891969176259,3.7056657393059296,
0.021425709691412553,0.04082270692583467,0.06048288796648138,0.017442705672852256,74.61534245750029,3.699497738763025,
0.0063334325275106185,0.05046407123785923,0.07380726142679395,0.016186179337285684,75.56042649326005,3.578558378258913,
-0.0009239471624771234,0.049175093655332125,0.08287197653476475,0.01571271414914617,75.11826669949019,3.466960721924014,
0.008784629176424419,0.03137551705670627,0.05214265427446518,0.01564534041340067,76.52358944165954,3.4708163722741934,
-0.002291515304826408,0.03359251906784477,0.0517574511549479,0.015642161580360508,75.31806214175852,3.3479466674314344,
-0.015101934965206176,-0.0033702280982276234,0.03731489699367985,0.016044964103461127,67.75932927001564,3.3083195565300225,
-0.023029422172243352,-0.032449948830849396,0.01637656587754499,0.017058240796969246,58.296542178392514,3.3797090706709367,
-0.0020291206026847863,-0.033520248349676485,0.014006483953710402,0.016839152303280102,57.55147163943041,3.283018122199796,
0.0017940736009927072,-0.04021764462340527,-0.010103976961561068,0.015386979901054422,58.06081370254888,3.1791827365522125,
0.014922727575809258,-0.023657770841186032,0.009140024108573508,0.015597698980552518,62.1376694410069,3.135452331945947,
-0.03769922124574032,-0.046058753890429016,-0.049273753482125815,0.016690985191410653,48.988428540992615,3.43766785442917,
-0.013690410549223597,-0.036939883182056654,-0.06819113469383076,0.016933430109799953,45.374826579798395,3.4590734897778765,
-0.015305390626201731,-0.04975172611626766,-0.08160428425070176,0.017162167686090832,41.72038520115906,3.552008791387076,
-0.010635039668317248,-0.06154131815049968,-0.09928391591087227,0.014714364429609734,39.38317544048064,3.5399556208953236,
0.004706903066394652,-0.07098748478232819,-0.09296584997594182,0.014804351549215578,40.94328821513866,3.5505408843122472,
-0.013611195006543841,-0.04773272043300014,-0.09159296470048495,0.015017740597065503,37.89192080706909,3.6755807367856037,
-0.008214985046419043,-0.042446278322130104,-0.0778182009414542,0.015065451028547337,36.16397057117181,3.6518904116108084,
0.009253990163293091,-0.018563821514490986,-0.06739196546709836,0.015303708569499188,39.48427085206787,3.6060073666790413,
-0.009617986362681408,-0.017554918885409942,-0.07801588418767647,0.013765585423396006,37.29308083648159,3.606957667612149,
0.01883969958211007,-0.003735270212865238,-0.07445759755779979,0.01471931431770312,43.8079814574439,3.585358844406644,
0.03850799961945306,0.04890575236153061,-0.0011613726765079546,0.01660471712421179,54.42666484167073,3.81328782990678,
-0.05867944548136195,-0.004465151656927291,-0.04672190090907691,0.02066250160098542,41.16833282843481,4.2476285382703995,
0.009555284158466737,-0.00416795325621222,-0.022654401630374132,0.020921260032610235,43.442624933593834,4.189400990755618,
-0.018929989437109995,-0.013531199915787218,-0.030848579684253252,0.020865603693854408,40.10345563137881,4.166242844815466,
-0.010960166149765138,-0.04238425482054897,-0.04596120838888851,0.020862244289035724,38.302508166729694,4.1496560422800775,
0.02508323828402048,-0.05476332444234999,-0.008535813664491188,0.021947395270341286,44.38998337213677,4.236819020606288,
0.01566532643997376,0.019890739700497262,0.015336772874238846,0.021978691189441683,47.931921023677646,4.28544141303746,
-0.020267671261213982,-0.010237532163670293,-0.014362815864365386,0.02230988513209889,43.96884288145473,4.340425788264202,
-0.006375128872677549,0.0024285667301937597,-0.011135494607528607,0.02227366631372468,42.794557696139236,4.280486866927366,
-0.015123917329532999,-0.0017915495730167486,-0.044099870899939275,0.02191412755647643,40.077425174107404,4.268386314698347,
0.002260215757525108,-0.02401621689697986,-0.0774643334615227,0.020644747034801156,40.67448203758804,4.253636309013008,
0.006566238850977069,-0.032759807621910886,-0.013520684727459376,0.020634851643460544,42.47185238247657,4.284900128454062,
-0.0126512747985984,-0.02524052448341174,-0.03521965596585508,0.02055902390075429,39.944325512552375,4.464966104786896,
-0.04911932147926612,-0.06717315718744887,-0.06490772495196273,0.022994411133924135,32.06630917814301,4.789537240662592,
-0.03003933442361506,-0.08130031661585002,-0.0829462126413476,0.02355556447758929,28.541127071922308,4.805705188799876,
0.030752526103565936,-0.05518346983069988,-0.07787438854709772,0.024891027262051453,36.05816858488055,4.840388322623901,
0.025623024246797188,-0.037295758958921454,-0.06883376469222491,0.025737576280180557,41.72763413082658,4.759490151572449,
0.0020534388968922457,-0.022958078789175884,-0.04761912932281731,0.02561482521724576,42.181417247071515,4.726521807348206,
-0.006625638245302157,0.02070471807280816,-0.04785924039626732,0.025581886608974754,41.06786821698976,4.551893624805463,
-0.036718577142733966,0.013676046912718398,-0.0687361366471888,0.026131192261574697,35.510150954664766,4.6468548633321225,
0.0023553872728241387,-0.01425063646141067,-0.06864770672487408,0.02410031978811316,36.08573196543916,4.548167604326166,
-0.01025480563500547,-0.04873362595660602,-0.08421182734865573,0.020882206965570943,34.633028126143024,4.443182785505219,
-0.004604951101070176,-0.05505454883802552,-0.0767486809572755,0.020606045340488315,33.97831791349697,4.280363396950773,
0.0336130476736054,-0.016777576244689674,0.00357976684202721,0.022107263298494186,42.485726928055655,4.622332624302879,
-0.03224034371645257,-0.01220663838681002,0.001302469966683928,0.02300743914732919,37.347568420830775,4.736851498082537,
0.029122823972707268,0.0141719261575326,-0.0002806692715069392,0.02329218670975703,43.751694942398196,4.716037484587425,
0.009409472529177343,0.03432151513842374,-0.016084722699202247,0.02305784731007928,45.737803705244026,4.80700273286953,
0.0007652110244782406,0.0399016857775889,-0.017349632368798384,0.022760002582233475,45.90665539883631,4.7060092787147925,
-0.0032671851024556053,0.002797068801230429,-0.014027435478533468,0.022746794372368026,45.258590525001345,4.597477620265553,
0.02705921190087257,0.0642435448639258,0.05125270875627508,0.02349759085819692,51.36263527952875,4.634389625845765,
0.014802524151154017,0.04943453830941946,0.06430704709350499,0.023749496285519728,54.43673115481264,4.600520903507708,
0.019337659519911732,0.05975639739081395,0.09612884262690402,0.02410912409238404,58.207899542388674,4.491796542426962,
-0.019627081380079625,0.03816205928320571,0.07958647555893905,0.024358096300008764,53.293299018582374,4.4730310629887216,
-0.03046528669281845,0.009833467374101845,0.012658041060132463,0.022672236689475742,46.81557826150071,4.520235459754188,
0.07555242119013883,0.05751335292816284,0.1254517594612039,0.02694303864143653,59.547325785594055,5.089541348172026,
-0.015410180715054067,0.026029061094322348,0.07675033402156739,0.026717275248984863,56.35983526394119,4.9943580307537605,
-0.01754279816458526,-0.011093496889629018,0.047999993092594506,0.02662397851418662,52.93928578794429,5.081600561667389,
-0.03730495425512126,-0.028925245518402254,0.008132966830548982,0.028026998767478314,46.578927058001234,5.222324822291295,
-0.04240493688382685,-0.040883861046752346,-0.03145242378638102,0.02956500311583863,40.80186681315066,5.290474058336246,
-0.001947489829384308,-0.10999384951576141,-0.058806611674725784,0.028408951545446738,40.56359143098725,5.49592498402811,
0.003902244100966179,-0.09253665411280143,-0.06891623524184531,0.028418243021236297,41.3018371862393,5.348235760185449,
0.004175069263937514,-0.07247657556138631,-0.08276605378545421,0.028329235003482195,42.13322383801702,5.243463981211861,
-0.033189957495776023,-0.06851191831852232,-0.0954554397786247,0.029312133973318468,37.55982357584837,5.2144326380191295,
0.08897445264569748,0.05928566569063154,0.015977977725719406,0.034826557956833884,52.07856065321184,5.6863760220640795,
0.0192689053829167,0.08180374274268565,-0.03718801534214089,0.03405845457011989,54.75076725519381,5.677076151590253,
-0.009485736681851487,0.06737687219455823,-0.03139461223571349,0.03368511046037121,53.14927442659564,5.472117073460874,
0.011869319655502641,0.07555539122794808,-0.002397180354840822,0.0337156433475964,54.90970165049326,5.454899282301096,
-0.008330958127801935,0.10321049369409763,0.0276274264619909,0.033805102863524644,53.37570772980242,5.25877122749872,
0.012971337201676425,0.026213798034637525,0.08705356619203242,0.033859361187980684,55.4454116696563,5.25820093788151,
0.003781812053190059,0.01062118181483318,0.09329377698232277,0.03338962487622622,56.06570437567562,5.074716763075706,
-0.021680179901173102,-0.0018208021870935731,0.0654333900512134,0.03364587558822637,51.61275057830908,4.963446305610412,
0.014661219097634959,0.0009333241525315561,0.07655923305196666,0.033521328258677485,54.20423703144447,4.85449566133489,
0.0059263059253158445,0.015323781149218618,0.12011584986098733,0.033224012418572695,55.26253772488797,4.682960198334512,
-0.01959381683257999,-0.017316999604862326,0.008442854099567354,0.032765021959479265,51.038143174104775,4.626415757489697,
-0.026263932743215923,-0.04673120326058078,-0.03660636205200407,0.028292471755704502,46.05563662788144,4.628789669506023,
-0.021148551830528883,-0.04621318814854447,-0.04794984526158452,0.028449540754058516,42.54826575072786,4.611998020877331,
0.04859386165591628,-0.014316328039767678,-0.01339636566197111,0.030520276084655622,51.49540217881752,4.857467769643807,
0.0018917848822950223,-0.01826966089612192,-0.003225840032145988,0.029255392061341423,51.82522669080594,4.687830951722889,
-0.003371629519282715,-0.0020255635765414892,-0.01930748649774916,0.027409082408215876,51.15630879237897,4.540165602750091,
-0.007982996378043228,0.016710424315663275,-0.03080167718018323,0.02750585283608571,49.53166358152395,4.578257681853727,
-0.02536990873403233,0.012325798255626408,-0.034457004326786334,0.02823827713689097,44.710762873734424,4.6298141114564695,
-0.013784990435760647,-0.04789553580621431,-0.061526175643739744,0.028443094745118358,42.35946422582462,4.536249549987945,
0.012132599524208754,-0.03816362115767491,-0.05573604563667811,0.027370477267857237,45.0602259363494,4.3937770963098215,
-0.003434722785633726,-0.03822451185739195,-0.04017264925498398,0.018474464409889813,44.41801553422081,4.408550720020606,
0.016390148979068098,-0.014594378817515241,0.0018721672354837793,0.018314925673580965,48.198990798483685,4.335716935718866,
0.006782285723229142,0.017913290949159055,0.030459884815118965,0.018308053425045417,49.74733391031215,4.429225486997963,
-0.015535941591818814,0.016106061859893828,-0.03256088240882815,0.018335617232947576,46.30952996600155,4.4998706951593235,
-0.04685415973568463,-0.043112269494736455,-0.0796305703321667,0.020865921756289187,37.928900007215425,4.683685366677165,
-0.01457882327736948,-0.053812675450949476,-0.08998022405748851,0.020587523351570963,35.856414466344205,4.624974929450343,
-0.015909518800446998,-0.08388138112545918,-0.09725156329109308,0.02059253606457579,33.7224761349437,4.5676428343755395,
-0.000528897892634439,-0.0905341714372111,-0.07424264544184789,0.02031075361423503,33.65191601529253,4.477815785955848,
0.02380960464683657,-0.054186039167096745,-0.03895270100597081,0.02088130969130827,39.75942652323746,4.475327771821918,
-0.023772647995568663,-0.0312820772352308,-0.07304570538584687,0.021122388311326935,36.1010765576458,4.5180514232791,
-0.002798161516048836,-0.019701102054469954,-0.07245360849453619,0.020904082706735973,35.69465271984733,4.390953641273322,
-0.01387865308547509,-0.017678061022881497,-0.10007658197412117,0.020437545837396605,33.675297350946174,4.2982690389159615,
-0.03068494978257874,-0.04731668819475798,-0.13356708247110394,0.02093999774815697,29.72664716360659,4.354343260933901,
0.02832423644176063,-0.043115697746486936,-0.09496546802677586,0.018539907790225928,36.86045052476748,4.355746941348177,
0.0024689047602914904,-0.017394097294212485,-0.04813205103444862,0.01855403096410393,37.47316450519177,4.221946748751734,
-0.03740460199271867,-0.0514940070333576,-0.07018062040006978,0.01977907391268418,32.34012812995611,4.393948743958158,1.0191071026346379
0.010314163747078942,-0.028224019192387817,-0.045403134281675306,0.020204833028611195,34.889552319426656,4.3327124710946565,0.049423133893372696
-0.010604550386369649,-0.008092638983360101,-0.05502641030266975,0.019771695010670547,33.4783965888004,4.235037304948834,-0.292430612004691
0.03679396080699315,7.714020294624646e-05,-0.04304188349721505,0.021907196891672497,42.13130503743131,4.312515981805114,-0.0038518877715627833
0.004088892117918963,0.0016932624747572067,-0.01573028759168582,0.021668972855824187,43.05047486547182,4.271170881904301,-0.7169720398806065
0.0044562823763285575,0.045254415915252144,-0.008569922329536017,0.02175818464949548,44.09690874409318,4.187039545190197,-1.0027386821784445
0.021112560394086044,0.05642625947154434,0.026609664448876913,0.022014715670417354,48.9081510464415,4.102583801309914,-0.7617900470723087
-0.0005993003559948695,0.06710935779061789,0.058473627002253226,0.021890905073781632,48.777112392090245,4.007976501642178,-0.6795912233673088
0.01011898224333807,0.03965441464840991,0.03973461380095,0.02193645417476887,51.15533208903262,3.951088491361195,-1.2461879047775506
0.008756519115555417,0.04448737222031274,0.04625596349305128,0.019441969846047156,53.20073481515675,3.891226814729288,-0.9950804861882842
-0.0053703273264240625,0.03426913781196128,0.08107438354281293,0.019186545865738595,51.75672950725963,3.86519597366775,-0.7394502979007666
0.0004440153975742156,0.013334287882077245,0.07051295134152391,0.018797878456074495,51.87241757665592,3.763620415277136,-1.208648805363832
0.019220562941649977,0.033430478596965685,0.10278333433685916,0.019213520649120755,56.713573922191756,3.7621851651554237,-0.2879494818506573
0.023500639579416616,0.04712095742999578,0.088643926062965,0.01919538071820442,61.86205153396127,3.8769605823095605,-0.22202685095857247
0.01006306566875348,0.04847719379802573,0.09512118898302746,0.01825138864048881,63.889209183857005,3.801284503665639,-0.8565933279230459
-0.004700814157930222,0.04918295324538491,0.08513754846011157,0.018293138636405266,62.209015020834,3.7915301370015113,-0.8837640683391479
0.014803195102921052,0.06424167351115617,0.07843257836185735,0.01795365254093261,65.29011536506562,3.6888818930266862,-1.3726821673551468
0.013684450060762687,0.05846101890966593,0.09384587734804817,0.015903121562109233,67.93151700045844,3.717412957000163,-0.6636033932900535
-0.02007815500938115,0.01339367499254962,0.061145755211700736,0.01624237665827682,60.551004108887575,3.6686137478358014,-0.9364161243246262
0.00902108950186764,0.012348262985215408,0.061424065921044324,0.016253578208707712,62.48362813196626,3.551525770617732,-0.8646259115258647
0.007900466870166545,0.025165398919461346,0.07558606080330366,0.012757880837707111,64.15480001214733,3.6700862460535846,-0.33656628021296886
0.03706270468887296,0.047652201419250195,0.11495513209606956,0.014354425133953389,70.78209177693232,3.8125484056729917,1.4604176538378975
0.024399930123943703,0.058726748608745494,0.1206209930793305,0.01396920480355926,74.27864468938704,4.212228542994903,2.988337224210031
-0.01792902915929684,0.06104870625796255,0.07526004778084694,0.013955465580948498,67.7101317821367,4.1731225344714105,-0.6820478231963972
0.019244813438968444,0.07179959062446728,0.0850344538369443,0.014142277851770597,70.65596039384516,4.198026576589401,-0.0972282916821322
-0.017652640409466236,0.044626461112442506,0.07091490272816237,0.015311754118543365,64.71188365284223,4.143043307484065,-0.9278895315056975
-0.0069115222181632685,0.00033151074313564344,0.047999509379090144,0.015297203138135592,62.5328806018505,4.122246864044907,-1.273018571317093
0.0024560419010624113,-0.021096802762232802,0.03639099921424682,0.01524036369292685,63.0062894606736,3.9772060987653677,-1.2055788544344657
0.01880690574487387,0.01552063650534552,0.07751685754225957,0.0154739202940002,66.50492445088202,3.9285043033411773,-0.9938397971166347
-0.004224856579644443,-0.00786327864596692,0.06337173179075384,0.015660262830931693,64.99000855920944,3.8586147634542787,-1.0073159982816426
0.013903390480174638,0.024007216775168816,0.06970503501344627,0.015503868499541933,67.5949731080035,3.7676421100070163,-0.8362734173103489
-0.01042959347365835,0.020379614164369286,0.020717880968541325,0.015936063765616182,63.71204561200184,3.708538298405122,-0.7263660802985868
-0.007546552079409352,0.010198177213696535,-0.011113774481747996,0.01594497662074101,61.00960791235765,3.645197991671176,-1.1136548427033424
-0.02667962020569603,-0.034903996067563114,-0.019925091797766248,0.01684759794017189,52.582120118939635,3.676588626048794,-1.1218883108056685
0.0028957991434883645,-0.028002722793991186,-0.03564580822778318,0.016760071497037416,53.31578752892404,3.6105983407871713,-1.447549926261106
0.0032906113304460582,-0.03817686022560551,-0.01508616360966819,0.016676894885132403,54.18576141730977,3.5711685702500553,-1.5449397051772764
-0.018005256570972517,-0.045540103930223785,-0.026088579512957732,0.017043716395923218,48.808448154648524,3.575430377415512,-1.2344761931244348
0.008247425723307389,-0.030350758330493832,-0.02046210352882183,0.016875977440100207,51.1564597479849,3.493408187201391,-1.6724502553643914
-0.0034478208793433662,-0.007206583948594303,-0.04185904143835517,0.01618404848857955,50.11310654147967,3.4024464973045903,-1.4231984604815437
-0.014245854453835971,-0.024175566016513717,-0.051501307136956664,0.016465411070391723,45.956785803060654,3.328552147258331,-1.2039104024745342
0.004129172636070821,-0.023359961243399563,-0.06064501149374013,0.016398341532231294,47.30166252305647,3.2888325115595416,-1.3313279489006713
0.03508999720815642,0.029445770208448963,-0.01743529715737313,0.016170356981234854,57.10993589477712,3.4203818422990224,-0.5481358038933045
0.01853940229704265,0.0399541350012631,0.008390738375041895,0.015757911333133277,61.34690336737406,3.547469642319278,0.16056672068694688
-0.014496412240516676,0.028424354109980232,0.02101292766730789,0.015570199968301161,56.55511484315153,3.4984544116730545,-1.1567992661549114
0.008377212244371268,0.05202670248681618,0.02659336148971092,0.015049604917541353,58.541225052405274,3.3803514236796475,-1.5204936264144522
-0.014914721928304453,0.03207440337327627,0.007965185310171874,0.014896032780968323,53.78714459137989,3.442642396329242,-1.2357277339627644
-0.013878784492847851,-0.016751714446715305,0.01220078862753815,0.015139298772013945,49.79517888554646,3.431419352475282,-0.6102188118267642
0.013266167435335818,-0.021842238313931506,0.01723920894900699,0.015444299878356155,53.31254473901831,3.569699109939654,0.06273505749240554
0.014089142295198087,0.006530242911407136,0.03514021495832553,0.015174543424629258,56.818580491098466,3.547285399539889,-0.3877758137526697
0.002621380221957903,0.0007849534172283956,0.052852494441948616,0.01515860565695091,57.46757726558628,3.5285878714644303,-0.23640477082256395
0.01869400638185481,0.03492931669726396,0.06812405706384128,0.015424709510816542,61.879229831257,3.616233167925157,-0.2762568326404841
-0.005453913434195212,0.04377117701918176,0.026286220314044373,0.015282356953316444,59.89095370420247,3.5312983944707677,0.6891376772162252
0.015483731924221589,0.0460555026693108,0.023207309090408135,0.015507872133457596,63.46093714895092,3.537704910782606,-0.38215342658650414
0.011944202026927142,0.04384294908112829,0.05065949709998785,0.014134461875020297,66.01291518684894,3.4865686403955296,-0.36333489620456016
-0.009103481194589369,0.03163603412794158,0.03244582035826604,0.014418247219244224,62.39340483757092,3.542682460897405,-0.28496172448500023
0.006969559876218279,0.019762634049364847,0.05538224605011122,0.014445440369590393,64.0057743789931,3.5623705383259243,-0.6264214420625407
0.008305449342412619,0.03387086313743537,0.07912460770279828,0.01358556468832133,65.89538585042457,3.483396149621062,-0.9776207337576883
-0.012293259789244337,0.005590919800730454,0.05190391509184766,0.014056468018807923,60.76800709643594,3.4389586478038745,-1.257059908835476
-0.003980272170260646,-0.010233575881163581,0.03316070305368912,0.01407078413319943,59.18205933382726,3.3702102746461975,-1.5155997394366099
0.019790773553180596,0.018627725633707515,0.050853067125522955,0.013873905048302318,64.1694156715948,3.3690950570472395,-1.2808425158851635
0.009889777116635967,0.021581751618692246,0.041770897927441375,0.013911147436879859,66.42108914098158,3.248250558341435,-1.3450455768525948
0.015644355828962953,0.02901728908244916,0.06387099284701558,0.012318690307474433,69.69723765118457,3.233998436190645,-0.5327840985099459
0.007701549257071338,0.04984837523679775,0.05571799330567373,0.011898643401548026,71.20971769468089,3.1488800719100634,-1.0189650337890845
-0.0032496178562573252,0.050618516854461726,0.039866932540076006,0.011228729141472734,69.61859563764014,3.045880543685287,-1.4563143777343786
-0.0112901984848921,0.0185979832392571,0.037572147002085776,0.011721257738649194,64.26348003005003,3.0982338481263345,-1.2298393893563824
0.005495798066960544,0.014166115227707055,0.036053596426645296,0.010891667898660563,65.63360530854708,3.0855362373769912,-1.4741119897328216
-0.01597227616276531,-0.017404499682533103,0.0111077580012926,0.011086242577662218,58.567128486091164,3.187913158292538,-1.3659499305192377
-0.0075911376531766495,-0.03231618197264352,0.015921284098961097,0.01119156392916661,55.55461569701257,3.0905832252485657,-1.3590401548666182
-0.004353290652240549,-0.033387670205006104,0.0155408123024523,0.011021651185283435,53.85675799327517,3.030508912352523,-1.2483506487165665
0.03410351405924117,0.01099150169466534,0.02979390469821408,0.013098054333117956,63.28267460545424,3.2157467534787534,-0.4955480005727157
-0.0021139251526640646,0.003340186273875334,0.01755361896522012,0.012692660996553133,62.40272417110642,3.16223664105633,-1.2690912145028121
0.0001211318545510931,0.01974944244290855,0.002001213595647533,0.01255781346697807,62.43488983032923,3.03220788156184,-1.5790310682891162
0.007504679017000138,0.03526114454140661,0.0018054570051992958,0.012273056903812812,64.4636024030342,2.969255925263006,-1.2288592493814279
0.006968289900629365,0.047033184092323266,0.012075185448151338,0.012129148905998184,66.29729469905276,2.941809989873789,-1.310900648461357
-0.0058464511755361714,0.006583713864770857,0.017647580461537915,0.01198435639912263,63.32432669196852,2.8944764686499904,-1.114459773567874
-0.009780817626055094,-0.0011500037350549164,0.0021863413121296915,0.012259060231207953,58.61635119800998,2.839950949432448,-0.8743545668141784
0.001878580795702911,0.0006052115207713094,0.02036660655377509,0.012167665261894927,59.237076815370706,2.7576090767733747,-1.5217921281217
-0.009435720156171001,-0.016219178530156975,0.018470059212754908,0.012011324546961,54.783910953338285,2.742461174475218,-1.2404488919515977
-6.10040376929355e-05,-0.02308660884981295,0.02286073851840964,0.011944283217224806,54.75552169491323,2.721347411851011,-1.3573805216914592
0.0283949566792967,0.010561000118414654,0.017214244586091,0.01274784903692567,64.0843238190667,2.865239390654869,-0.5773831552570845
0.007541402780627093,0.028239066439531335,0.027056587672596555,0.012685899525519012,66.13798432203399,2.799414181658192,-0.9553323667507453
-0.0005304600747675359,0.02576664115452343,0.026387446943372916,0.012298945378152503,65.85060697175237,2.7270145945101754,-1.0612962507538837
-0.006191347124347102,0.029126311693048024,0.012434728313616583,0.012321031634689674,62.44208814348342,2.7302619389032206,-1.2178865484432404
-0.0064674875285548605,0.02253282873809237,-0.0010739867150767468,0.012397191047720175,59.02631150783633,2.8002267111988655,-0.5369195507279316
-0.009913356034354615,-0.015557116286296746,-0.005160414874823771,0.012331227145478857,54.166753984873466,2.821499341386242,0.11840662496597029
0.04692671517191527,0.02292526309725984,0.051811717564538284,0.01608896134580751,67.62127325221992,3.219699410752685,1.425284830385304
-0.0004031850280692417,0.023055525056657977,0.049416229651945365,0.015500856742225833,67.42952875884285,3.112346786120978,-0.9031429808316153
-0.009971199640597228,0.019164434966569166,0.04884893596587481,0.015599612089108464,62.69653777046241,3.026755796860509,-1.328390835332669
0.010420873006290687,0.03648849452773262,0.05984351226392892,0.015561976663106932,65.40248696553117,2.969830792316368,-0.9795439953716217
0.001094855160918451,0.048012621551132506,0.03170856732815497,0.01387813277039111,65.68704326108248,2.928248039033012,-1.1451385063855493
-0.005417553496393723,-0.004385940292084167,0.01843877397005067,0.013955469724504755,62.9260811046201,2.935037363205284,-1.3088256268958902
-0.002897553059085567,-0.006870369858654524,0.01602675521357888,0.013997011833133144,61.446524030054796,2.8481873412108354,-1.68883304911507
0.0,0.0031320601792765856,0.02235651930946303,0.013947562343649569,61.446524030054796,2.739311483746359,-1.468093804647353
0.0036033637737855617,-0.003636269993225194,0.03271954251675813,0.01390235559878207,62.70750445063201,2.72078151057192,-0.7752548613861896
0.013666102619096288,0.008875566366432164,0.05731432712656814,0.014032847485038703,67.1162004802288,2.714161539680166,-0.4457759294095754
0.0006283475808486205,0.01500835293927083,0.010556586907312537,0.013738544936657885,67.31017122458495,2.622621921984399,-0.8587779549899411
-0.005480701907215502,0.012378816058901787,0.005423399155510378,0.013872105499067248,63.774321436569494,2.555969747702621,-1.3887713620557598
-0.015154990228692822,-0.0029637750062064816,0.0001590024513928867,0.014192329841487548,55.188547441430586,2.5794703457689616,-1.0722764203843707
0.001631991608597838,-0.004922247379441469,-0.008540618752221563,0.014181362146779225,55.86714218250648,2.529308669037709,-1.3137464588637378
0.006692405489455044,-0.011768062632896314,-0.0029969444873667594,0.012871430457245078,58.63779642096771,2.504607102561391,-0.8196960257044033
0.014104857145356808,0.0015414914968443494,0.016572979684552624,0.013115230619822964,63.82670763907389,2.5218973024016855,-0.8675758685415366
0.010659563049735699,0.017795721122292107,0.030394827139602176,0.013247827735675522,67.22069747643765,2.5929984994698927,-0.8107097484252239
-0.00028222556460133497,0.033166095228047254,0.03010402337775031,0.013111882479742577,67.03943855621831,2.5905663827075047,1.1386917978070195
0.016022564901669423,0.04800972296942785,0.042851159856912346,0.013250468035693406,71.70315535754854,2.630650491762321,-0.22792298492897223
0.004775475225646586,0.046014116820249695,0.0337045571786152,0.012851647503119698,72.95127704357593,2.6205884141930875,-0.5348323243704385
-0.007571107961710455,0.02365610784520178,0.02523406503113801,0.008393901733524316,67.81947500918149,2.9210557317012795,2.1217467568762363
-0.0020602335367078117,0.010772741435477684,0.028760171260078016,0.008424976728631592,66.45979384475788,2.902247541948924,-0.40821090847854885
-0.007756389860884116,0.0032159271736131867,0.036488682148546836,0.00827641739105522,61.47323534416713,2.969468851964091,-0.5351454185254008
0.01546502958871776,0.0026654194140056653,0.050803108431097144,0.008621518962604272,66.78322328973921,2.995896263062261,-1.0503970287272257
0.002159783987389474,5.522119845369211e-05,0.046071878973380054,0.008618362168293564,67.4680030799975,2.899051717561012,-1.1067572122737093
0.01563885521084374,0.023443541551425584,0.04765423234384136,0.008927204886172952,71.98187124178644,2.898753237595187,-0.8650440463379488
-0.0026116758211169877,0.02287800637236659,0.033897206655053136,0.00891716416426454,70.20265000299739,2.8123768069016424,-0.8295980797680649
0.003491352709610762,0.034473010239495894,0.037799800103494485,0.00888520409702007,71.22396837400608,2.7787478441684397,-0.7121690058368975
0.011198692947094413,0.030126814181771877,0.03287253419117975,0.009055881521773407,74.27980221078023,2.7736332932044685,-0.3538362051934983
-0.005859940302968658,0.021883285389414198,0.02193971500911318,0.008984063179085474,70.04141360330249,2.7674723159216867,1.2382589805693558
0.00048682214463657836,0.006638093409425894,0.030237255379517824,0.008985906465484101,70.19268689450769,2.6890624426188325,-1.0426610277349329
-0.00567532550250216,0.0035460314718822605,0.02650516397485947,0.008995420630133533,66.00626853398461,2.6959998866599086,-1.05382966258163
0.016525158138236185,0.016580547093322684,0.05162513870254326,0.00844577977678826,71.33651717221005,2.7419618701932236,-0.9688064365423152
-0.0017110644872604386,0.003602080678171582,0.033837414075202465,0.00853505087648454,70.09076121241034,2.7260660763802305,-0.8794009481420465
-0.007553153521636435,0.0018927518037223923,0.02381745682102876,0.008901314506051746,64.72654388182026,2.730360381040913,-1.0988099203947452
0.01505905811281627,0.016485465341714578,0.02323299080997665,0.008963641960796976,69.6724351553436,2.7555185541015517,-0.9725175255485121
0.006327807755791781,0.028756115772653024,0.03240411733607429,0.008833439523181197,71.50752839982478,2.7210103405308845,-0.9456431249994159
0.0017965650231681618,0.013850306386091082,0.030660499136705432,0.008801198741021959,72.02830704764024,2.6063990677724242,-1.1571549615527772
0.02310256106347741,0.03905072779940055,0.04279347234964703,0.009453518861178019,77.68644177332136,2.7653250059771968,0.5761230565503267
-0.007784826237159037,0.03880817606524056,0.04077438211420947,0.009793689245479324,72.2596514037731,2.7237681915183507,-1.8062641288276113
-0.005871228580620058,0.01738818796626762,0.03416030567805528,0.00970285634172138,68.40860154745998,2.69576309184576,-1.1111699858431359
0.002508673079917534,0.013527077821500644,0.042672179810054445,0.009625511788290785,69.16045575998868,2.7022219011101343,-1.18392687049218
-0.005891285618815245,0.0057492064772151075,0.019679141134492317,0.009519711890042037,65.2248062541951,2.6806952840893983,-1.1003171249846073
-0.01085567995936021,-0.027633051824024757,0.010338585190329042,0.009603367153459087,58.64170310460027,2.746096595946931,-0.520163922437032
-0.0028101530710087363,-0.022757891785503914,0.01516709200845101,0.009669193305326262,57.05381518820413,2.7404907972271713,-1.1009544874938204
0.008985576912417859,-0.008153449847242866,0.00909296440050733,0.009281033541958006,60.707271949365754,2.8002117942493627,-0.47890311656818885
0.004057420112013599,-0.006621174424503051,0.006816338255287713,0.009239841596814248,62.28163850312537,2.700407783544075,-1.3227401459910835
0.0007871956212730513,5.240337934564465e-05,0.005801911134408755,0.00923629004441076,62.596041849860946,2.616907107797614,-1.3011421017310065
0.017305815360739496,0.028524457969382633,0.00010318832003752831,0.009653468197561587,68.76499819463287,2.6861645730448296,-0.9055703410784411
-0.0013403544041620252,0.030040441993686606,0.006598893080101531,0.009507983495462181,67.81594675125119,2.629088301875234,-0.9963154709963704
0.0070716558908821,0.028086582493537682,0.019704130104553297,0.009553152721465499,70.15328973645903,2.8350876894617647,0.40835985858021445
-0.010097423137741868,0.01359298468640291,0.006881808739341633,0.009805093318607272,63.06113821117221,2.9127520016774824,-0.49987749065318127
-0.006161611557459867,0.006555262542156326,0.006608009439411866,0.009398660872276345,59.16986738242266,2.968637639098176,0.03820217412109389
0.004220107984169497,-0.006392159388487584,0.021949965699084473,0.009390684969982984,60.93682795464844,2.96619148085527,-1.1144509661346524
0.00451349722440475,-0.0005679199676085211,0.029455461459234167,0.009153396230435776,62.79893504334836,2.8735860635089674,-1.4553911052459017
0.004544904532596927,-0.003075503565025728,0.02492469854392354,0.00866783305031156,64.63530069986493,2.832056175798864,-1.0120297727276495
-0.00658081753385531,0.0004660472428603679,0.014065366902298537,0.008786494463573413,59.99617167729803,2.9579254271105038,-1.0100870838683642
0.013507875231056676,0.020266704902544452,0.02695482101620139,0.009216816756010786,65.44282058817524,2.98729489747667,-0.9673563382093332
0.003165852983380457,0.019195603789122995,0.012680743041657117,0.007734675148645816,66.60590961604315,2.860720906879932,-1.3641379459157348
-0.004275739775779108,0.010277902099698144,0.009704145106262274,0.007571008274291101,63.48813177944094,2.7587127579063906,-1.5083080841410035
-0.015489884136351995,-0.009871226300782965,-0.012916370874129446,0.008290980007869138,53.71966559231103,2.8270102680742197,-0.8502871974068913
-0.007321750512588321,-0.010609705157014648,-0.010148602537990326,0.008446716841173794,49.873933099591646,2.7584631936248543,-0.3851089809326504
-0.04801999634843668,-0.0706734505810136,-0.051839063645839234,0.013624355943027017,33.206486216738504,3.214219606234839,1.943966454101824
-0.017253690133348543,-0.08958998715265509,-0.07211411726038708,0.013909437915063402,29.566738647577512,3.3925380933311273,1.1513941828714391
0.005311668945345405,-0.08082403331820065,-0.07137683272024964,0.014019858672266152,31.995371820927758,3.3400525712226887,-0.1161734832717131
-0.0089544344111816,-0.07472228969765493,-0.08385591536711967,0.013842448681980661,30.101031226913165,3.3781191601981972,-0.4330720783765675
-0.0012345502459090163,-0.06904839613968361,-0.07892551817209148,0.01374969736876601,29.841054787758598,3.3591260528811206,-0.6734348485515724
0.0003375692635287919,-0.021759006559482708,-0.09089467306572285,0.01374300290209081,30.018815681186855,3.26546906175122,-0.7821434608300923
0.009393056626308738,0.004765580468131914,-0.08525135497743819,0.013221436798907098,34.95870967152518,3.2004095790051164,-1.132887110207126
-0.0112002436632892,-0.011737362817365593,-0.09161273513214774,0.013311039200032054,32.02825415018994,3.1435297135974425,-1.128165836964985
-0.004959060114871239,-0.007753207824191866,-0.08189616008072143,0.013042743927005263,30.81054368705972,3.063152527978685,-0.9846224394847625
-0.014555197910615991,-0.020986915416163487,-0.0885861987064418,0.013174957428259299,27.51975693326283,3.1291447160146495,-0.179433343274785
0.002816149350316044,-0.018561171936449794,-0.03991630583401562,0.01328757304048384,29.075196262417325,3.1275294022863434,-0.3831259300732939
0.007736782856003321,-0.020171576701382476,-0.015502125505190145,0.01343292910381128,33.32075483458701,3.073029054615044,-1.006899363428347
0.00790482042919316,-0.001239851944381587,-0.012962662169636263,0.013572392440077168,37.47107007912469,2.9835532839839303,-1.1791967551438844
0.021948821270229013,0.02576860420934013,0.01781560704137397,0.014679184061454988,47.348128498888286,3.0757245098843735,-0.7260790462238242
-0.026170282810078715,0.013678237098129653,-0.0075957423230544885,0.015532333599815762,39.21884189215177,3.2171373542963755,-0.6328108849148961
0.01264302274101925,0.023611551097239003,0.004612121101187139,0.015481073446602073,44.08295886285557,3.2226626975381545,-0.7791794961257319
0.008846160787460589,0.024738404938927427,0.0040678156048494785,0.01567820311534839,47.30093568332247,3.1366331525614957,-1.097321699153375
0.021810294408288966,0.038876122049150696,0.037588069469256524,0.016715733708298534,54.33966340460299,3.2941904754380342,-0.7069536849590837
0.019172177419895187,0.03605348657513474,0.06275113881039629,0.01712491802879328,59.56392721551569,3.322479414092615,-0.3771284285240107
0.0011724580119896189,0.06514331764228332,0.07971260048448303,0.0170673994638475,59.87209735437657,3.2010536466320763,-0.3750751106159048
0.008463418310399762,0.06074702237367835,0.08579290489369851,0.013009475799072995,62.119004147353344,3.117275727745367,-0.9975136674224785
0.0012666775479368564,0.05277760682752586,0.07882164557585991,0.012187969931961817,62.46066114009679,3.062094136680969,-1.0110905271017296
-0.03579349518869013,-0.006571941800012637,0.032048688637621,0.014946722757298163,48.99583932880509,3.4249663153007543,0.5134970946697366
-0.02924932987852602,-0.053770329900013514,-0.019655451192069573,0.01628905063617479,41.41941121670788,3.8424775447640704,1.780718649268419
0.003491845455089626,-0.05157822683369817,0.010205113994531834,0.016304208534009903,42.528557626658795,3.7574047570719746,-0.16593331595501806
0.006622586491841664,-0.05330945966352452,0.004199171771245069,0.016366359395955387,44.67551623445536,3.6981941427013845,-0.43625652739167964
-0.017060607368697855,-0.0706377775329653,-0.02158826355524468,0.016681528999781908,40.45503160447615,3.8092801881531173,0.8659644564181751
-0.011854855162050981,-0.047564226808113785,-0.05382357927778081,0.01670373025998692,37.826562890186594,3.77180441703875,0.6180628096601614
0.008782388266020957,-0.010250043061750813,-0.06346922476484473,0.0168054090371681,40.85600547306433,3.6804714800642273,-0.34959798097692973
-0.00415374636240029,-0.017790935602532976,-0.06845153752414002,0.01649256722684968,39.85811221166262,3.6069682921323487,1.6756488811023043
0.016913330976805474,-0.007749771567305386,-0.060646095096061114,0.01689666621434751,45.65450595573572,3.6581438460596076,-0.08120363696546085
0.006180886206073488,0.015711875693518396,-0.05603575381931136,0.01686817831587502,47.67286311789639,3.573515908527458,-0.7325908293336979
-0.0199922586939828,0.007347459344491991,-0.040566243686346426,0.017415770445551766,42.182079537233825,3.622134015478756,-0.44267588696237464
-0.008889533389141224,-0.01029932512372378,-0.020443799659449535,0.016687735690022153,40.01905610425203,3.5358383247784193,-0.23230957443330338
0.00494458852601154,-0.0012571379925079285,-0.019025707933972735,0.015727781475458544,41.791124122349096,3.5058816393379146,-0.5060533846396911
0.007380345679116829,-0.010619785456813746,-0.018287256112735073,0.015542167114896224,44.44256894671651,3.4547435906134356,-0.9595990295759591
-0.023398427847781678,-0.03970519990449972,-0.02461716737626718,0.016170709167789187,38.42291143926117,3.5203251663557626,-0.15034310311368085
-0.008897480045874873,-0.028833593696787507,-0.02169798800973821,0.015198634268911701,36.448512608404485,3.550834878160532,-0.04368092473330309
0.0015255767586008773,-0.018628066226148654,-0.02873553483938307,0.014282828725736014,37.040586072298076,3.6088464948030907,-0.5056646207640528
0.0030465961965662203,-0.020481537973648156,-0.021712927846624375,0.014328955838264277,38.27912458173845,3.543994041679785,-0.7002455938025198
0.014835477949290521,-0.013232597961263193,-0.023711856066692127,0.014699210055030006,44.066881831828134,3.5290008714530763,-0.6826681548945398
-0.007769911485571712,0.002558601774850011,-0.037248187924596166,0.014660679366097154,41.82207654370477,3.4839849362774404,-0.7964371066845173
0.007308747129176174,0.018952155549102123,-0.010427896900466416,0.012907418062668305,44.65583069774485,3.4640910499124917,-0.6325004905496926
0.007197899974537458,0.024723177380173045,0.005634566168465804,0.011421083993482649,47.393335440839564,3.4124044616630678,-0.8351770902053511
0.014750475697352217,0.036679986401007,0.01544718589301386,0.011905216704240983,52.604338307675334,3.5085715020045036,-0.4235199021308168
0.008451164407368816,0.030158249410501492,0.016526579459573698,0.011966638062422217,55.372176651963684,3.4876277012673267,-1.1102749327929895
-0.0033521880086057054,0.034744841105402324,0.03739234109237155,0.011314972834257826,54.013378808319246,3.363592708286292,-1.0411025285014257
0.007904047196207742,0.035356355375506965,0.0549785900713351,0.011024505590624324,56.70228579956981,3.2823373180378135,-0.8557789877440783
0.0050612578353295135,0.033159978657437916,0.058702976071881574,0.010928576220412796,58.39319937310031,3.281086688287452,-0.4248350555782455
-0.01029267690253044,0.0076624956551962775,0.04462354229263377,0.011177690916160925,53.77097085530696,3.3145516523775784,-0.6679377686294453
-0.0007270497698379508,-0.0015085406129774492,0.028604213853472116,0.01054612384508992,53.45241634930602,3.259413214000177,-0.6116279478024826
-0.008784795045180926,-0.0069511971491791336,0.02755212571578247,0.010634719090344878,49.629358714240325,3.3036141089698807,-0.3707172816601236
-0.00739468462042292,-0.0220244448039566,0.012553206474113399,0.009755217417363298,46.632457242932595,3.2421897891437674,-0.4964696792506353
-0.002161122804998694,-0.02905218730372694,0.0031444214427673867,0.009540918214348555,45.769028376183016,3.1978724788269903,-0.27694706337106223
-0.014704063568908854,-0.03337995788268211,-0.025973236009732337,0.010054922203477612,40.31178500464896,3.1687331783260215,-0.043881244808024626
0.0006939897047935073,-0.0320053532398743,-0.03346561247765667,0.009888867292550138,40.66608542075918,3.2307174537991723,-0.43271808271583395
0.0025433099527951697,-0.02094262443873829,-0.027748245276622674,0.008356147554964357,42.02519540328829,3.1568332122815446,-0.9994590690500512
-0.013491463670456727,-0.026956189350810567,-0.04838693905028524,0.008683682187578454,37.15132961567392,3.1285046465142816,-0.36568835358714563
-0.02460569927589462,-0.048843045752958836,-0.07647623574298634,0.010295164192355325,30.334751185088418,3.308550286213416,0.27171859514481067
0.007969431244976066,-0.026955152510014235,-0.05943534853719068,0.010456465115942054,34.42799000534109,3.222746788060023,-0.29667032452363173
0.012305173661177893,-0.015664785186681573,-0.047168781443229446,0.01027062543920962,40.30653867043363,3.2010175525181657,-0.6400610219087999
0.0028187232710594756,-0.015394373898605873,-0.03601459974631627,0.010173286098381296,41.61368297824857,3.1843750669270894,-0.9609915579256959
0.018738759665908322,0.016773679452012802,-0.01063466437821603,0.010923987889463293,49.54580793943423,3.2473620100604856,-0.3499613046555102
0.020693148762226832,0.06399425103056888,0.012025531146597768,0.011766781966162187,56.67655035306315,3.2846481616416026,0.677255553295574
-0.00518092906689771,0.05011296918104646,0.02180701394402762,0.01136200343289622,54.5546254000222,3.3482436622890925,0.8081284673205195
0.014605182661041827,0.0524988794211918,0.03601171056583574,0.01168662404490316,59.17121433739297,3.3366308738164947,0.007727425329554779
0.014450617848072334,0.06470702404768813,0.04831652602702596,0.012078701658270042,63.21143889197609,3.343515417849112,0.37318112434225764
0.0058848498389905135,0.05127311083947439,0.06890682901721612,0.012026476825660342,64.76277295715744,3.236133943989324,-0.7312198172611412
-0.0026244461496049976,0.027256920890533776,0.09299545815889187,0.012010002868832727,63.46978410899852,3.168222614432276,-0.4932818459595286
0.023220005073137706,0.056583918138126243,0.10953247546497158,0.012735482099825514,69.29538859137382,3.2532665191980645,0.15999980228857244
-0.008583559411824315,0.032435754522616156,0.08663747470942607,0.012950278306669078,65.06852226334912,3.175853434890477,-1.0258981567914789
0.01428559759714898,0.03226780863715284,0.09906278655429124,0.01298342915451019,68.48446554232066,3.183221766397191,-0.13752062889922936
0.003040887924482538,0.0293492535621791,0.08212719193260298,0.012752475387533801,69.18511562624778,3.101614283296486,-0.47341858331170505
0.009042246579346713,0.04138995518728339,0.06977503881201952,0.012737002016349796,71.23892825307439,3.088815646708934,-0.4340590940326321
-0.0001054681115663092,0.017650277157039262,0.07523291713293467,0.012002503451966733,71.17879844929388,2.9962619575664133,-0.6193425632374824
0.00927827517494606,0.03598475313867233,0.06958770028065153,0.012001995545661103,73.31264369200139,2.9393313438605224,-0.8509914826682855
-0.004230907735188416,0.017072114281178274,0.049890802634987574,0.01217567113825516,70.71762541916948,2.8553323763980223,-1.2921651337010867
0.0035146130338332693,0.017552466183434756,0.04741687152627305,0.011394222885291742,71.61272735151401,2.813422679931374,-1.2047194441366142
-0.007004366044367716,0.0013705171079587686,0.04281719793692407,0.009440405979323156,67.18923192656447,2.7582306391910887,-2.019981549938151
-0.0009477517106192268,0.0005269901796314258,0.018186568859400065,0.009582128427292542,66.5940244267917,2.68646021008288,-1.1332480911094773
0.003214164267784314,-0.005484539824822998,0.030302853502173877,0.009490464961456065,67.6400048184656,2.6134480814714887,-1.2487517806199964
-0.005409619074477012,-0.0066617672153017615,0.01029661661466208,0.009795639191981925,63.996395116841725,2.647545056449676,-0.9966766771454412
0.003062765587447558,-0.007109032594451947,0.010318652534771822,0.009276649920098886,65.13530688090407,2.6091545074749805,-0.683295304686553
0.0067913823915943805,0.006685261702795708,0.008064941076289411,0.008487524172928704,67.5909624063386,2.5876579997443123,-0.844690174374213
-0.009464594895670086,-0.0018966523315351314,-0.0013706616690566387,0.00877564870300007,61.08943057021208,2.6710072420478337,-0.9623667989441111
0.021063249186475508,0.015861501455266103,0.010289968594030086,0.00930472730245439,68.322952214816,2.8319002874503836,0.28917361063391567
-0.00568717223962989,0.015578012311902922,0.008812468004901985,0.009194578856677118,64.749196004338,2.817136094915505,-1.0783458247306885
0.01013946296670487,0.022743005874344746,0.015472292509836283,0.009315284594098661,67.94968875850286,2.8055509609494798,-0.7305458525476766
0.007412368361462862,0.023373830758761427,0.03021535263717645,0.00925916165124739,70.10798509390183,2.7693189292692684,-0.4087220673055088
-0.012927299161336947,0.019796330236438342,0.01786213114900459,0.008748136767222876,62.18470242504206,2.8750719630768344,-0.0036581001063916473
0.007919994271955444,0.006669383262420281,0.02263667115000878,0.008489270241261511,64.77716705486395,2.881990627460559,-0.44199929667314153
0.016691383596707743,0.029326042588451395,0.04536089635285667,0.00867777965520393,69.5522292533927,2.908933660948608,0.5099215259114771
0.000757850974285823,0.019766236344573196,0.04295878584821611,0.008689033099338066,69.75605474324897,2.9459827852309637,0.3256200122653436
-0.0027258087101013073,0.009503735108381761,0.03309970456314271,0.008632042213194243,67.99170698780745,2.834619450169724,3.5686456051096567
-0.008503359993114468,0.014028207429841455,0.034102244693186234,0.008941975773608547,62.68009458309204,2.8571650575830754,-0.27009846004939003
0.0053603073061481155,0.011453008207413129,0.01819877597107622,0.008807909916480575,64.54445408979566,2.7280895472276003,-1.1069489349313884
-0.01071390136268735,-0.015811074443607853,0.013051291902341333,0.00914102917558938,58.24749654858658,2.734892285464731,-0.45178039343394877
-0.0007701840274964011,-0.01731381072007332,0.0021101967497816343,0.009132337229861908,57.81551056859037,2.79286486859714,-0.7707534289594826
-0.0055474313490041505,-0.02009415901628553,-0.010781393472420242,0.009071466549760704,54.67275336732947,2.766029856344961,-1.2885657643419073
-0.002840942542438274,-0.014497936386658639,-0.0006731090157539033,0.009102529124955386,53.089981543614044,2.6434620524441987,-1.7362674362241024
0.0005181371954527947,-0.01924446218619369,-0.008011860962146344,0.009086264661449843,53.35445917022032,2.6251759752566506,-0.6520886924439202
0.0022261024729635093,-0.006416039307688193,-0.022125669276169102,0.008973264395181119,54.54092160751111,2.544509606636533,-1.4296588069328102
-0.005424033493931946,-0.011043593561387621,-0.028166197592869646,0.009077520638086863,51.121334682890875,2.5516888398333717,-0.9386666514476871
-0.03578658230770726,-0.041115618119020425,-0.06038359336676957,0.01207503057087981,35.42541850513718,2.9807938425235476,1.297300573573713
-0.007487710004818182,-0.04558402535313755,-0.05942108743997854,0.012013605910906786,33.210075417583326,2.9412436296030227,-0.050535191658095904
-0.012700092350476422,-0.05819318151551045,-0.07631774722053464,0.011035725748779205,29.828382639712085,2.9696164073344535,0.7341947144533647
-0.004012999021178465,-0.06405615825688715,-0.0700612107352997,0.011020644808618483,28.841692067745353,2.9407699144378285,0.19180929723753654
0.02417483838355161,-0.036202195574082774,-0.0468459868015203,0.012271896473431422,41.3726534297162,3.043475921751998,0.010611423018541594
-0.002263534557064739,-0.002693597553260263,-0.04369846674391453,0.012061132895071675,40.6336825963256,3.026338232945543,-0.9240159309558436
0.005671466433895489,0.010529141394707064,-0.035534844606713634,0.011947777796150385,43.357422869952316,2.985656484933864,-0.68947974818149
-0.003222537677689763,0.020229684372385703,-0.03914072683780845,0.01172981269777681,42.166892099625166,3.015103737523101,-0.5504676587282984
0.001778233692573794,0.02616187778241197,-0.03957010985800269,0.010901780409259583,43.09248603856055,2.9094178958206185,-1.0435832501897748
-0.012317176618192094,-0.010400936724293874,-0.04622659555293007,0.01105081764980367,38.48926151876198,3.0546978414657286,0.41184317327016534
-0.0051734693800518095,-0.013287138516811292,-0.01594494586627282,0.01105267204258817,36.7360821764054,3.072136552175225,-0.6440612493025375
0.03257052421942119,0.013104826617562182,0.023771950584678736,0.013652955096876933,51.604549713084495,3.3098082816828427,1.1255605112705322
0.01553321792526785,0.032167804309639836,0.053048233210162055,0.014115345927581036,56.96798342703748,3.308319772129629,0.6003719889664523
0.0121632667895617,0.04286787389479163,0.07015125575483094,0.014237832791303575,60.69807755556703,3.3387774622051865,0.09372078376217306
0.00665321670913066,0.06289820477416685,0.05184306780194525,0.014317231827458653,62.629484859682144,3.236153036298795,-0.9252260938513763
-0.0034840777591167438,0.06470319415249937,0.05055633533250381,0.014280830473978877,60.92963946817139,3.1493508767773952,-0.26786542733251145
-0.0016965357425940963,0.029369773974392555,0.04285948638768611,0.014269749956547118,60.07754671342155,3.148000098179767,-0.19618141573881653
-0.009012639462532057,0.004489481311088728,0.036801702376995316,0.014423418336887244,55.63395218803712,3.1226864923807893,-0.784239196720676
-0.0035860030770560325,-0.011140384381949087,0.031249924920017547,0.01443283445344051,53.939835542112576,3.1005976479733013,-0.6342345915875284
-0.019245782862677308,-0.03658159326736243,0.02401569496250855,0.015006524323765511,45.89183105896884,3.1855186953481827,-0.12604273680195674
-0.01935764435685594,-0.05192794739923523,0.009415342690750839,0.01336628501777796,39.613008482300756,3.219087156969899,-0.1468194016772623
0.013340709570517362,-0.03764732778817581,-0.009383247321661847,0.013582414854231195,45.08167981908438,3.2106314316566884,0.3998317764843415
-0.005405107320296754,-0.034144035682323604,-0.029807843381315813,0.013295991333789003,43.3460637568916,3.5530441293262163,2.5524388081871634
0.009846578589923993,-0.02112340453974404,-0.03202846607566512,0.013373391127936259,47.30463042429045,3.54054821302975,0.691768747091385
0.008631626893508049,0.006700634832767172,-0.03012607833268066,0.012425708177275785,50.59557886844852,3.467382624284975,-0.8782657720093052
0.0005811276398610676,0.027169233105494683,-0.02616955680132016,0.012401785243273756,50.820190171224375,3.3923677721048118,-0.2489896104607768
-0.00575455509988132,0.007813385479721324,-0.030128095392744747,0.01244870051706601,48.46890031910613,3.3050199872325603,-1.02702931053971
0.004093887288828757,0.01743862484716252,-0.017300835864193287,0.012436649875633045,50.223182422625115,3.2099402311591247,-0.7569208251635972
-0.009001875967817763,-0.001551532759253904,-0.022642163644867597,0.012633556218588745,46.46232306822808,3.1266113908405653,-0.9644098758146956
-0.011274455811445483,-0.021256643362162708,-0.014698441534335749,0.012580051595221468,42.234911495303685,3.1611791528687196,-0.035397092491390586
-0.004809847017834157,-0.026529959524409175,-8.152507351244509e-05,0.012571648405361208,40.558607574072354,3.1543087383593735,-0.15312621613839056
-0.0015746648866687973,-0.022437410832422677,-0.014799337492701792,0.010060485744976611,40.001542988606246,3.1514718366885566,0.526268869448134
-0.008430339113672747,-0.03463070803733692,-0.01779599511582919,0.00937003465779942,37.07058789852306,3.1516722016863947,-0.4572568237360637
-0.0041138477884756774,-0.029869092260118912,-0.031374282144242094,0.008726416414851713,35.707260871589106,3.098719221858278,-0.20739550232298096
0.004185999536705953,-0.014699396615931448,-0.035643580146590303,0.008596565743666813,38.18804175931819,3.0353786922296138,-0.9760377493331804
0.011243820897728796,0.001194740435497943,-0.02536691550430714,0.009190557327314223,44.41785941951971,3.005610480411024,-0.28729574878253433
-0.010034039757522373,-0.0072880988216902365,-0.0295619835866634,0.009336922147505278,40.4552589967286,2.990014059635573,-0.736408791237102
-0.007451256839112297,-0.006307888691702956,-0.040720150077425465,0.009290271432260338,37.78645047832501,2.9259364555618603,-1.0003597028035056
0.008114339516641644,0.005893358643358271,-0.024151762889801143,0.009608135898944116,42.2231162421187,3.02584968142468,-0.15581250717437636
-0.006625508739307007,-0.004936531811972178,-0.01956336438889228,0.008820193011955373,39.71261332267558,3.0215601707865214,-0.49381047622393026
-0.003692933025905454,-0.01963429100275571,-0.018463008448641016,0.007805900148457399,38.35286616374804,3.021120912501227,4.763463585302504
-0.006030408729215786,-0.01566948541422042,-0.022843383477726742,0.007116394167287112,36.182271492562485,3.044092783447029,0.9764572473053443
-0.025381353494087766,-0.033451122224075314,-0.039548004960176186,0.008832803135190762,28.830946561658077,3.2425525770821517,1.4389010969512785
-0.02844093754087962,-0.0684991923008047,-0.06300952396445547,0.010002413071403182,23.27035154994712,3.399203591190217,2.224835266768029
-0.005878139091754497,-0.06779837358996643,-0.07240021657391171,0.00949095096046169,22.338665835571344,3.3377818089520948,0.6659260085454073
-0.0007095838942193788,-0.0650069822560142,-0.08336490725194434,0.009451633208363928,22.223673066966626,3.2580734919682484,0.8496324764995947
0.010236605501964924,-0.049705161295625744,-0.06459579240991287,0.010090714503594138,27.979381285871643,3.362602441769524,1.1077160417009895
0.011831498613541935,-0.013421039892726583,-0.046423213270976094,0.010585020804056594,34.11075058920219,3.381021007017244,0.1520000529017769
0.0027786939960119383,0.018281234118942002,-0.05147020795327217,0.010642605112695437,35.51566129386369,3.3534886463906215,0.13557807950078424
-0.012122611433858954,0.01188500720453689,-0.05671915054400212,0.010675583186602059,32.27356204045478,3.288955474234901,-0.29282892219538814
0.010927393300581345,0.02366865144130248,-0.042876958418980315,0.011169295768209755,37.72519830589357,3.279335182982456,0.9230556565873681
-0.002196605385262229,0.01107012932015139,-0.03918527453889609,0.011165812757054302,37.072133418296275,3.2371031291145873,3.722543698722636
0.006372442516838106,0.0056151809802118535,-0.007881220480455031,0.011283146790111994,40.29413212357227,3.366512234484534,1.0456995958150193
0.013585036049097887,0.016452090145227638,0.03503408877586045,0.011818821529412347,46.61009786985423,3.3796923671784582,-0.1286644394949309
0.014709328138948319,0.0440601530253959,0.05646881546607263,0.012307745258533757,52.54339783688535,3.3919310933212126,-0.2295389661107787
-0.040857467670784575,-0.00942193701238725,0.014023709885867097,0.01484578482657662,39.290070279452266,3.7044107733726976,2.8243121981799675
0.00531012932640218,-0.001969560351638866,0.009078765680715861,0.014889116110055141,41.27847855925668,3.651653716353162,0.7962074646089654
-0.008300425432743563,-0.01652080224971808,-0.010998388564076644,0.014904352727037001,39.11066925339623,3.5913289872970124,-0.1797234484509411
-0.00667256305854369,-0.036176703442171165,-0.020319795683131248,0.014698815422013825,37.423350228960835,3.4651703410812713,0.00067228866809934
0.021212604648970457,-0.029999555730508165,0.012738812278707767,0.015678457107955162,45.42973478555898,3.493267012954477,0.16636408335770916
-0.010559162233027442,0.0006417397439684169,-0.008786243699864915,0.015788442148389644,42.45601731608407,3.442130311435695,0.47554179312493167
-0.008455592217546659,-0.013060057495255184,-0.01500389527546131,0.01582617656336042,40.210149101330174,3.3379628025571653,-0.6516924604948469
-0.00699887260591614,-0.011764751431786902,-0.02809119054958331,0.01494459292466201,38.41410638006735,3.2270693315149623,-0.4723147733644573
0.0047973840071102725,-0.00035360384042237847,-0.0365175150613225,0.013603664070141694,40.36656407117081,3.145350002499519,-0.5626697574668414
-0.004892358412541542,-0.025907276138943724,-0.055129625095096,0.013583204592672147,39.00209018537163,3.140318371471398,-0.212762534389475
0.0045017137821985465,-0.011080023026453611,-0.010445393773625411,0.0136188176315188,40.969672868677144,3.0272437250304205,-0.8846320065766117
-0.006663480794232957,-0.009292654983663606,-0.022231349870548645,0.013490942542151696,38.957489139319826,2.9059507380817133,-1.1500835721552272
0.007242599504009517,0.004915920046029587,-0.006906665963157477,0.013306423677381142,42.25505526102834,2.820954080065805,-0.8625288916941396
-0.011139378685563806,-0.011022722707991206,-0.011372428871332052,0.013471559014511107,38.76165239504783,2.8008360863585695,-0.4387529235547007
0.04327090846710324,0.03684383418844006,0.009982034663158723,0.016523435756583153,54.367813560055396,3.1449094388705214,1.9310603850577632
0.00862672109281637,0.04110165509338626,0.029566224782072714,0.01646047678189042,56.831959814301065,3.214302630868967,2.497587843284558
-0.021863489509538314,0.025170745552688834,0.01564418751492247,0.017239595985025804,49.47689485861328,3.277322935065652,0.898454171290106
-0.01916730128898181,-0.0017092312267442678,0.0031982863752344493,0.0176951859822561,44.194968380475586,3.432197566839397,0.9020831164512277
-0.008147280437481141,0.0013114007975678632,-0.009725777117774004,0.017409903503428418,42.1735269906066,3.374794288082178,-0.39263739614831306
-0.005714423849696004,-0.045703781282739664,-0.010543849633665725,0.016958875116744782,40.77623519831046,3.2818150589576707,-0.8315023199955296
-0.012212675831422826,-0.06542064706595307,-0.027007888844257644,0.014668132762010283,37.90248464335606,3.257117729715267,0.5820876223206914
0.005090928144120044,-0.03966652998791986,-0.015494220568515016,0.014662628187989253,39.784337578270005,3.2008837731582043,-0.5519028030369689
0.006391605175507298,-0.014641800116032888,-0.016326005120803067,0.01468794632222117,42.1660921357531,3.1231613360540114,-0.46920709614677536
0.01270248488126402,0.006071443712691638,0.00739080660638658,0.014935668715871668,46.70647445269996,3.1190065139535714,-0.5439913913167194
0.005147321895426771,0.017061940291497324,-0.029421636178584065,0.014139994134455484,48.493501446391086,3.070513320065193,-0.41376354229156787
-0.0034729824511839924,0.02606064809971942,-0.04106490342787539,0.01397307445351296,47.33427558800229,3.004228499478518,-0.7377789933485721
0.024808124907375495,0.04618921470311288,0.0046905188450536706,0.01492922945960554,55.49070916448615,3.2664663395108193,0.5836936334297415
-0.018270882312990122,0.02055145273696768,0.0056087423578661255,0.015455179774264487,49.28641609273943,3.3866922458264956,0.4545158303810759
-0.0060471853317756175,0.0016564628856292618,0.007737963719493202,0.015488586534963898,47.43074052915328,3.399848255868858,-0.4257774911221861
0.02203186834325166,0.01848236959994476,0.0358596549780017,0.01619411544779169,54.16135994677461,3.448906060633706,2.0303344411256385
0.05981629699594726,0.08316603011939439,0.11139403886390586,0.020821914513604326,66.84596361397764,4.1923391755891855,5.51795283654902
-0.009106643307953521,0.04731997859288284,0.09569486594696919,0.020895554569661752,63.77921332353512,4.160701608700568,1.0598696066704119
0.0037970943576084437,0.07086235136949237,0.09287012837146058,0.02088160654643845,64.5037990333312,4.117152856668062,1.0159594888200505
0.0018640399519542772,0.07938572711180725,0.08117368950804593,0.020591507164250837,64.87667292765357,3.9378492207537783,-0.7065984172553375
0.010014189574602428,0.06669364642657172,0.08640867264974017,0.018533896273132084,66.89253186332819,3.8372435200998325,-0.497741408410778
-0.006890088634004199,-0.000445609621141263,0.08268336091507966,0.018602427785653027,64.13767607809088,3.773156338468015,-0.40202138564671674
0.017645598532860962,0.02654046370740737,0.07511633647476978,0.018019258900522386,67.77293669683385,3.790981762954136,0.7308608749760522
0.006173338904974512,0.028970547628995424,0.10188582012394032,0.01717458728779021,68.97859316278355,3.6635082885962906,-0.32091618128411936
0.012217894820617525,0.039604537161936904,0.12213429925327102,0.016938628870185855,71.28258994537276,3.6345342297876737,0.6360671791274972
0.0006324085323490269,0.029947898434619313,0.09863887941060834,0.016760222107220966,71.4024320733366,3.4770880620174482,-0.307029092713883
0.00015812359568201373,0.037257553982917635,0.036795342037261314,0.016249232208385422,71.43455118338002,3.344368106965562,-0.9221372460664881
0.006162042484992858,0.02555268809010558,0.05277133198839512,0.016243557185089463,72.72058054370605,3.3119398342715707,-0.7521534375065422
0.006857364801755583,0.026249888632042584,0.05598090990990845,0.01624253714380649,74.12524089941633,3.203786073300979,-0.8578428316833157
-0.007538569789015237,0.006219547626273636,0.04607040709330579,0.01651726075889224,69.83860963954427,3.1558585052624544,-1.2627996893705633
-0.021057953854935363,-0.015591925241365101,0.013889027799725673,0.017616334550745544,59.55604618717972,3.2404768036123364,-0.3906106833582042
0.016588180303970246,0.0005793981832091788,0.03785853912521531,0.017680132612736942,63.962459222010715,3.2715173698405144,-1.1694574739821064
5.264206139510286e-05,-0.0054961045101799,0.019916143335666492,0.017152228870048577,63.976095199110325,3.3145292811799756,-0.31938131021645355
0.001578936133258324,-0.010709770374280891,0.015258987978161942,0.016303012292066352,64.41109094800393,3.272171550172178,-0.27704976841421647
0.0052550656085976755,0.002042985667393582,0.008275239740325402,0.01606682968803741,65.88973214170437,3.172533269980622,-0.4447803075701297
0.005018708929658944,0.028735001947430616,0.012695042703890769,0.015635357022572294,67.29462150722613,3.1346422531809637,0.9120559829971069
0.009258688060858278,0.021317932417135088,0.021909682171656453,0.009110544262292731,69.77986882575416,3.1051324633752615,-0.4290550520950655
0.0016492261463547653,0.022948466539038703,0.017326234858411782,0.008669141562784128,70.21801797289685,3.0458058343833203,-0.5656250179903942
0.00782096524257847,0.029323674598147997,0.018299854402390903,0.00872360911516254,72.27432624177936,3.009162605861444,-0.1974162505051783
-0.007096504540139326,0.01667637342304018,0.018753428682321216,0.009045562464543964,67.67280923920403,2.959528377533664,-0.9036518167429514
0.012392077734127538,0.024135269251975844,0.053563798208363655,0.00915446754928176,71.10754118401594,2.9467844978730686,-0.24782442755411124
-0.019147828209247986,-0.004689962111345203,0.016527990010461346,0.010223585037702461,60.31214737828539,3.1016760748329384,2.1312048802158126
0.0726490345066726,0.06586050616093786,0.09032037032185491,0.018497122536506184,75.32532956463129,3.8762188901772587,5.775783287704896
0.028578416645796523,0.08781336130314044,0.11971204633351129,0.01920612654549261,78.94465874521734,4.542937458598729,6.440296773554383
0.005491164315737818,0.10160426286778912,0.11997502691978545,0.019161442126696085,79.58209429972398,4.5838170127278195,1.7840339651882935
-0.00816838779283724,0.07923200515342299,0.10527956018315043,0.019397208487574657,75.88171707969911,4.530964911488634,0.5067475995031223
0.01967155395537823,0.12194498561801037,0.11668310614444821,0.019586991384071717,78.45825461423514,4.665640807196003,1.5781308670772993
-0.010984555824409603,0.034467829267104344,0.10259840410984244,0.019987578983065094,73.63476015571436,4.73181103613425,0.9572685820841136
-0.02151284596824654,-0.015910244842768595,0.0705059843815723,0.020904960709769008,65.2651094080755,4.779772772621995,1.233640590559536
-0.010444515398546073,-0.031506741067542365,0.06689630259871304,0.02100308766180938,61.678465519371066,4.777485577797042,7.374258724902755
0.003132753309003977,-0.020471522144623222,0.05713848326073845,0.02013989224808439,62.33999663901959,4.8697210407514735,0.834133188126075
0.0044681968864481725,-0.035076343815143796,0.08259125756079633,0.01997316993980805,63.31574162908688,4.7517517329338625,-0.1864751372136418
0.019993195769326233,-0.004853190572951305,0.029447359750083724,0.02021038493859521,67.40360472216739,4.82312078766268,0.24282934111633128
0.003985946243683314,0.02107974233208476,0.004834113627590231,0.02018995310991447,68.18011355649429,4.71912144127944,-0.42347101094933
-0.016254106722291883,0.01508507492412825,-0.016896947693033182,0.020800976884475793,61.69968457092384,4.791404133109288,0.8986537704909152
0.02910458397234028,0.04136635981672554,0.02004800532107165,0.02148653085250702,67.55054053730787,4.937983913966624,0.00013930152108020387
0.01623987355678258,0.05357045758818679,0.01661505798434515,0.021594767833610737,70.35137273536935,4.959869280912307,-0.09114110333057841
0.005811038043050054,0.03892143594055608,0.03387935222161231,0.02156480064714003,71.320764192179,4.784378896494794,-0.9322674892769737
0.0216204915560394,0.05716960685033601,0.07945446976405246,0.02181890497999087,74.6597761240584,4.790277848820782,0.0017784377310577518
0.006538838313157713,0.08166374594331138,0.09798072459357954,0.02155096635429097,75.60484464580126,4.774470432368074,-0.05444806161223478
0.0037748597576887644,0.055040364020384036,0.09868354333962026,0.021548006124637715,76.16120051589286,4.648405269886189,-0.5026419386861994
0.018803520432738363,0.05770189207454468,0.11436346642486916,0.020711556922150664,78.76849031311303,4.628541485110502,0.08901868032763383
-0.023220817307727182,0.027172252635812466,0.06715127166669399,0.015890516077642875,68.6023240373188,4.809456334291102,0.17094958968277613
0.013050804756985057,0.018555995849145246,0.0767864416868933,0.015024971968838426,70.82823725905955,4.82562195110714,-0.3026227754721811
0.01674340661394691,0.028882397406823745,0.1129047881141998,0.015289911579470286,73.46158464416779,4.955570008715179,0.08418737432038548
0.0017919116172904204,0.02684984955329517,0.08336803906698509,0.015011201698034111,73.73937638251961,4.881130937078914,-0.7067124752617622
-0.02529605475779817,-0.01759801624376478,0.039088436996756126,0.01604809482703152,63.600229125710925,5.112824603430412,-0.13264377997714538
-0.02053482692336217,-0.014896564033576087,0.011870915400910453,0.016614057706573503,56.93002663020439,5.327257303830144,0.21884677125756152
0.0005798771129246205,-0.027023452057518438,-0.00896890327258204,0.015647508144282778,57.064154479534295,5.196471624135454,-0.4651579459969072
-0.0015602817547505365,-0.044539237660593534,-0.01694324021608007,0.015354332164819389,56.553523061409386,5.158035297811435,-0.5018358526169453
0.0046882287094485164,-0.041776870242012154,-0.016048723369522455,0.015353974625423159,57.7742917483406,5.091837843776854,-0.8321672998088044
-0.028754249911960184,-0.045176592383396996,-0.061979590220560765,0.017010327055976215,48.69463940308407,5.287193871451775,0.05465165831812081
-0.004804501625483071,-0.02984201672241693,-0.04429403724299652,0.016554686090705015,47.392946851388814,5.351535932240754,-0.37193332662397427
0.002161009855713658,-0.028308957155534165,-0.05456740346656164,0.016543056808983325,48.06223329148266,5.2161786828862535,-0.770509517486903
0.0012846190236952548,-0.02554027262337699,-0.06894196601168157,0.016036028720256838,48.482728154532104,5.095455511289811,-0.9833425276495501
0.0025660121820993975,-0.02759863707871779,-0.068222522640636,0.014709697449568815,49.365703938421454,5.030180520861078,-0.7643199877798447
0.014990862235767954,0.016198524113224755,-0.029709862391247954,0.014642184142146185,54.30566841174421,5.027034827662845,-0.4246421408324328
-0.016750771009316434,0.0040001356193672954,-0.02596125321709475,0.015075140603916532,48.523554299968026,5.197222728017319,0.07964332814421793
0.006869402003010894,0.008717168419432264,-0.019838562683405225,0.014269247312938726,50.79840603328946,5.385762002746073,1.8199644327405988
-0.04816692708584447,-0.041101457191950796,-0.06559198739342731,0.017544146246509944,38.02291091622605,6.69385212848702,2.352070111548943
-0.009748205851346059,-0.05287932077859969,-0.0790185606741799,0.01748560557254215,36.137496005602806,6.848564376099682,0.35860450656364534
0.012498177273470912,-0.055205325437770014,-0.039901046119827366,0.017090673829390373,40.192309802167586,6.873744834256906,0.11537899775163876
0.01663325523502701,-0.02312693749590633,-0.019219312762983276,0.017187418090639114,45.237927628158126,6.763746531237113,-0.5474047015278327
0.013735943013186036,-0.01646496233599426,-0.007891321766264503,0.01722192592825832,49.11892895109828,6.621875276605488,-0.7456136121529022
0.007129844529335072,0.040673535895342505,-0.002099662891055898,0.016768483741371513,51.08342458945985,6.426606052751172,-0.9112879133367936
0.017193107745892444,0.06898665004325255,0.012459362067574586,0.017368842329676802,55.57000600269961,6.277249265943346,-0.660727139481669
0.0020337037541480196,0.057938351149509515,-0.00046547981879696554,0.016559065977643124,56.091832606743964,6.06540043587058,-0.7493872364358724
0.013530600259306302,0.05470963747887403,0.030317433616570133,0.01623585761047482,59.50637859596558,5.889992864567826,-0.5692657114457436
0.005918539170478576,0.04657626583530727,0.029344427036583465,0.016284420051767102,60.95602052616714,5.695151332808032,-0.6528611970714702
-0.0007079384823248658,0.038431499079235376,0.08066817993188913,0.016279659526036883,60.6745653190842,5.502154094011264,-0.7960761194879139
0.002744772002754914,0.023681490618998824,0.09430184736808678,0.016259855303040034,61.41786981332038,5.231312759888902,-1.2086940172203664
-0.00048565581114035083,0.02110770318496602,0.08026899985356573,0.014738902687419866,61.19685583567003,5.065761506648354,-1.0248023521951592
-0.008259685946767847,-0.0008454860862160407,0.053817895155387596,0.014841900147671987,57.41455838921546,5.019289569046316,-0.6647958544369914
0.010288093967598666,0.003494686829710325,0.05023372212780952,0.014964250283537303,60.6499434049012,4.937070968947878,-0.863967241818477
0.0014988174244612296,0.005710723474919632,0.044361694218123304,0.014963663756201217,61.118169108539895,4.825210708945432,-1.1823888516635448
0.003741604692152567,0.006710504628837155,0.03055091000025234,0.014967586525515884,62.32516432463522,4.7618274311474265,-0.9639632658568613
-0.006753523088662949,0.0003975108568246011,0.02151360458296936,0.014780780189934447,58.76587613315716,4.718597942394306,-0.8774299472948649
0.014570148505651526,0.023426633738934166,0.02256134075984484,0.014439982191639505,63.56726423133628,4.838270417271117,-0.3215458603127204
-0.003437808697117739,0.009522229200213062,0.013050193238898888,0.014467745736176403,61.71465908699817,4.700083727255856,-0.2767616739884507
-0.027205217453650232,-0.019411765301859618,-0.01381189705073893,0.010961554577322135,49.46990637922753,4.9205193337341795,-0.3872531470004333
-0.00861882808156722,-0.031487079204389645,-0.0249878687663021,0.010893791188028632,46.41352087335776,4.944798060181712,-0.6414168312514661
0.006927784195030373,-0.018146460147942634,-0.017756162706039746,0.010716069196893928,49.11161557467692,4.920461092788042,-0.9286572025549862
-0.007014950110865503,-0.03903550908743547,-0.016523345922705435,0.010436398034306068,46.53867798239389,4.95752737049752,-0.45108762968248806
0.00040748621103214866,-0.03532757003850573,-0.026141738057285813,0.010055490889015214,46.71209408001148,4.927309539607827,0.31076261393396865
-0.0036213575002596032,-0.0119406235855678,-0.03112060030482644,0.010007658804010293,45.30502258216966,4.912745789027783,-0.3174371018130665
0.011585148211148644,0.008195655761197074,-0.02354948070527718,0.009589198091501732,50.43056770231325,4.931185068492961,-0.5979398476295459
0.0004940532364587913,0.0017538237802137147,-0.016424462061063072,0.009581206575768086,50.6454393854963,4.843894797820631,-0.8790477424566759
-0.0012121023428490751,0.007607914877631572,-0.0317245730401462,0.009061121512264042,50.07169000762817,4.649192973465474,-0.8997069805866638
-0.027775222249363685,-0.02077763850815495,-0.055371185067029094,0.01078216543696049,39.14213261181715,4.926534811297576,0.015320890814801931
0.0021725268806487286,-0.01508351691252341,-0.026844033900292108,0.01082149147221183,40.21091966165652,4.745108200082426,-0.5389726396169795
0.017989832415489238,-0.008847680954492398,-0.000724537740683151,0.01167628853673162,48.32184799141102,4.826663928669248,0.048902418862766216
0.037065616609200935,0.027382409300173327,0.029184257000977265,0.014484624574951767,60.44300802358008,5.130397012649029,0.32756343132560956
-0.002927467278191598,0.0256179348164165,0.03342074876147194,0.01436069342977428,59.217823808656924,5.152467834076563,8.785777073185928
-0.0075810177480352126,0.04692117537343199,0.02516862564499034,0.01430218782330123,56.05815871723909,5.042979299875794,-0.19027912278901962
0.003973947609560602,0.04880303249510409,0.03298339421655827,0.014326388654032022,57.333567233260055,4.939891563285454,-0.5475530482075801
-0.004398034840766618,0.025737514233743264,0.01666211596474909,0.01433427360485605,55.40916298915554,4.824986743113707,-0.5891773943660613
0.005080272246628548,-0.00589844697539077,0.02132244863546706,0.014296660386568922,57.188847461569914,4.699823660860973,-0.7768334785814371
0.0011865945969278258,-0.0017966437814634917,0.02377526473167113,0.013902525075632586,57.616503862817716,4.521806052148942,-0.859661409949846
0.02287203166555729,0.028833903069583444,0.0771079990656438,0.014809672480089594,64.90288052297295,4.568881507478148,-0.16555795696927836
-0.02914168933022976,-0.005101728513806636,0.043452324158856914,0.015008568170892658,52.28683700880338,4.90026083624446,0.12861015023150407
0.002519818976237209,0.001811235748804707,0.027595366688413447,0.014843559370298349,53.11083631684007,4.859216961554413,-0.8958375446224582
-0.004894689310477318,-0.008131282117687655,-0.013981767156665215,0.014848507329390762,51.25451065138836,4.760019937084619,-0.8533974395986427
0.005007295974498671,-0.004346139370837054,-0.006134974688026595,0.014756885472170026,53.05341030655223,4.694899704027753,-0.7425638457719995
-0.022530812974306924,-0.04854083445465729,-0.021106553100656122,0.015702464107467104,44.971131677048014,4.748076601312426,-0.664778890477205
0.018404183959610076,-0.0019449960832813584,-0.007036801755110678,0.016178618633772842,51.34464139817124,4.713643001936894,-0.9174531507031826
0.01669827194641238,0.012170311830662861,0.014003590883329142,0.016387182240300027,56.37276123641451,4.726415908336387,-0.8572183695935937
-0.0021782284780109684,0.014933357086614807,0.0066806476294916095,0.01640798597426279,55.552806986971454,4.557152076323726,-1.03512945136887
-0.006505403426863343,0.0033069512890093744,-0.0010535605530223036,0.01649676743484035,53.07526542216413,4.3786714044369575,-0.9118602307851661
0.016479919866528636,0.04334886765180124,-0.007296157011339011,0.015324759854747226,58.135720945040646,4.362809548905195,-0.6370618397387422
0.01102467326414236,0.03578860400676698,0.03377399922886637,0.015413055640642773,61.199903997718486,4.490849196675355,0.1934184278635348
-0.008852003953325971,0.009758575888874521,0.02204765263112818,0.015290414842572507,57.51939639435948,4.454902937655238,-0.8294503569097579
0.0015964993664647764,0.013578460282449356,0.028714589365148147,0.012957203036227395,58.00557844802553,4.373221724299149,-0.861294218516266
0.012276458027271842,0.03274000406898292,0.036155224956650356,0.01317174477488734,61.64637550065316,4.347092960731439,-0.4115989462715056
0.006297907594949637,0.022395115607082072,0.06671478616138149,0.013030097546978038,63.419976281272085,4.207056156709119,-0.7472544029366827
-0.002621791136587448,0.008595176874066635,0.04469139026234781,0.013067472329227586,62.12392728022755,4.182143681860162,-0.6569875709960764
-0.02162299136382817,-0.004400618262006328,0.005315013859600315,0.014037172726730945,52.601350491314335,4.458752538745211,-0.20891973567968217
-0.0008233560209521817,-0.00680598462374149,0.006680060866811388,0.014010114268257698,52.279841843763954,4.311449941989885,-0.9113221498313608
0.003643201449214706,-0.015276495518802835,0.016963356024734644,0.014024815698448937,53.62930746066885,4.262744026821945,-0.6524971887849388
0.0085993374495128,-0.013024406893159646,0.0090790256158364,0.013184993932130289,56.74960402724872,4.19407620994733,-0.7376073245084089
0.001156832603377067,-0.009285194051193768,-0.0007698250623071612,0.011236703986882195,57.17072023110831,4.037266884940411,-0.7559444250686844
-0.015277880475389805,-0.002860068310222341,-0.007248100503392196,0.011854750381198056,50.20961578743062,4.0415283973391025,-0.36883463193749905
-0.01820946779757926,-0.020210740399851712,-0.026879171035197325,0.012544803981937858,43.51299127961289,4.088814663597475,0.20232473937955692
-0.013279644557517956,-0.03673137515862046,-0.05144674398941307,0.012833573699539389,39.45540065295972,4.197359343451593,0.231276299643583
-0.004037551368587633,-0.04880030883932929,-0.06118912065365367,0.01180979803990623,38.30148185953983,4.124840093202582,-0.43902530826131375
0.006486146430856987,-0.04373692466043355,-0.05261601287895279,0.011120179517913454,41.261458497463515,4.029799476236442,-0.9898527880662861
-0.0032668445901624654,-0.03207301472494206,-0.03484135202213634,0.010369877747167687,40.20837151443207,4.088577687961698,-0.11179764754425127
0.021372087979379506,0.006949622690132662,-0.013401574729786314,0.011553100181714545,49.2958827764429,4.1630452246236525,-0.519832971596551
-0.0011882199008856897,0.019288939932982085,-0.018150944514728762,0.011463086603852455,48.84192455510469,4.0256755363641705,-0.6442025609598957
-0.012028568491752822,0.0111107647581552,-0.038231752832813215,0.01107011974752096,44.390670287418764,4.12637133152465,-0.520602205519705
0.0,0.004594815679975106,-0.039343072087682174,0.010684669884341896,44.390670287418764,3.9901987687852745,-0.5701518936929713
0.003969109521966496,0.011887842853886887,-0.020566450829955563,0.010635739759916532,46.242996933840296,3.981790646402362,-0.30059167551791677
0.013770509751523718,0.004356851273250362,0.011336752435848974,0.011149103431139324,52.21381993689049,3.972560674204611,-0.4190127177612964
-0.014109272936257633,-0.00863593515589367,0.010486426742601251,0.011088844282411036,46.44346276699142,3.969679883499496,-0.3189302278719849
0.013422317237938408,0.01690234735532381,0.028200910118804545,0.011478986525655724,51.821310937492875,4.023179971675688,-0.42634138615843925
0.001140140403776746,0.018061758808239015,0.02273956494079421,0.01149393871364292,52.26566880505068,3.9846843639455267,-0.7023046030670728
0.0031541242415413784,0.01723533363228169,0.029328067423923576,0.010505228493377133,53.543645803994785,3.987335756066623,-0.734652883632288
-0.00209602645859408,0.0013145694158873678,0.0056771480725710255,0.01051257456584679,52.53392260176142,4.018951891263539,-0.5062471485721269
0.005907427255164244,0.021644422393604534,0.012821567409432966,0.010569752699301086,55.09858096051971,3.921028698077084,-0.6360988496408922
0.013050869337808635,0.02126996085972821,0.03853182048173709,0.010809522151229227,60.23992985940836,3.8905402951948047,1.0719352681843772
0.009404412856080846,0.02970040217685943,0.048298602485724595,0.011011539200922345,63.523444888016314,3.8046344713134648,-0.3875054359584993
-0.0005530945680205512,0.025895079936820053,0.04357672391124745,0.01038173232452828,63.18982142677032,3.666556316439201,-0.7990380645821282
0.010215924772482232,0.038552380165376876,0.039917629361139184,0.009500939091133153,66.6698478535315,3.677709960584738,-0.9614694481507279
0.009522572580036304,0.04228484866104609,0.06484450217992,0.008844772020844334,69.58571497034274,3.6731339711740882,-0.3132248833532615
0.01277173834813028,0.041997662686344084,0.06416091218761077,0.008868751352031393,73.02654661023534,3.6852402044426156,-0.6179215602926335
0.0014836983632635636,0.033821191607751766,0.0645260967774619,0.008881723523586122,73.40772923623682,3.625374753032068,-0.4360462366772969
0.0001233742556152606,0.03452092643261895,0.06130992851890471,0.008761299425436537,73.44138887113033,3.5377863861488725,-0.5756691288473648
-0.0008228350441831234,0.023216582725331003,0.06266401741407579,0.007867325331674764,72.7796442793851,3.4664103598574565,-0.6791038526101575
0.016101070572768883,0.02988431697755911,0.0734328194593401,0.008280639409619015,77.12041476746388,3.6091872677635717,-0.4224938155957481
0.004133754341091089,0.021100378877486836,0.06398420815848183,0.007347383295284316,78.10148304680561,3.5554659144075846,-0.6744388677818908
-0.0051659955044141,0.014320433343873118,0.04862595907165401,0.007619278083166987,73.82357198523951,3.6243303339152857,-0.3994872981822688
0.00596371995738143,0.020243684550258267,0.055463441727961804,0.007621280590264746,75.48436009550325,3.5830378448964013,-0.8046619661416066
0.0006855969985304355,0.021783920175258542,0.0455062510854205,0.007374736254387284,75.67655751464876,3.543981972394057,-0.7867131388949734
0.011727654278264943,0.017386044240104148,0.04778993127472031,0.006158199579791786,78.74791545371997,3.55607019067448,-0.17627084709211463
0.00971957462909434,0.023045584696820054,0.0446322341428631,0.005960238050819558,80.9231067186785,3.590048631153472,-0.1792988296058205
-0.021421793232994757,0.006328803789857451,0.020739868346549617,0.008420892874784185,64.98304505297304,3.798655700012058,0.0003883418864137057
0.007014639362892483,0.007380104594495229,0.02777318965411224,0.00843999512836076,67.21181178733346,3.876458626310038,0.13416104834319698
0.018815844918160796,0.025631642440530733,0.04797392026867464,0.008878354784982553,72.3341584765774,4.261574422306611,2.9456171687647945
0.0030649579802981552,0.01684989629128153,0.03452889357374689,0.008893114458401845,73.08563743032397,4.113611363208003,-0.5329698897917473
0.011478047504595246,0.018620786948463364,0.042095498568025747,0.008827603161303479,75.75026860523855,4.0288350800402215,-1.1042914103398112
0.0031757399493077543,0.04422483007336142,0.05083352413539299,0.008781707740254392,76.45287006171979,3.9166954399589335,-0.9735263448676102
-0.013242139752255522,0.023219542858538444,0.0307710101079659,0.009615347412340203,67.62628730379618,4.060727422724454,-0.48039290736855395
-0.013263444779884836,-0.008998405364182394,0.016402593167518686,0.010262394407769037,60.22557982763263,4.114833252268898,-0.7019625162901714
-0.007057838809142902,-0.018999460311520555,-0.002469702956078512,0.010384660346922423,56.715927970951505,4.094678869586878,-0.5737040336034889
-0.026235867445677852,-0.055576992578542206,-0.03799109296812031,0.011864927037792232,46.049075441872176,4.413720683791612,-0.041065123410572335
-0.002009491230185234,-0.06045854167278153,-0.01890748033138201,0.011872508922553062,45.363792769238565,4.261289408465288,-0.543476675001311
0.006738979505805709,-0.041433519746920666,-0.019176044275926007,0.011963851354109479,48.14515340869321,4.250583732320685,-0.38366278723505637
-0.011387742814264357,-0.039611366689271454,-0.048253332918954506,0.01225366756627257,44.03792642469944,4.2456196665519625,-0.5171342168647407
0.002023034290709713,-0.030828209274366136,-0.04924195024730316,0.011666853475590844,44.92654365677414,4.202612899947117,-0.6189760894909359
-0.024103803631356224,-0.028706200426651507,-0.08268778871712357,0.01270555102720595,37.30951978319684,4.592163839314587,0.16227522621007862
-0.01034414584481358,-0.036817899162897794,-0.09505048434483498,0.012821954702406395,34.65920041030214,4.77114511165557,-0.23134406533035054
-0.004778101960480674,-0.04783669047626793,-0.08728816776371284,0.012675867707047367,33.488088051781624,4.689889056971087,-0.5617158724771978
0.019675867749100462,-0.01791835796037544,-0.05681995400200879,0.013638791055789789,42.11973423117871,4.75878445406227,-0.5486998157642804
-0.040400196921681064,-0.059497318866381876,-0.08849133234347151,0.015698540664837463,32.585004373089525,5.1285185743066295,0.48916022971352896
0.007535239806619742,-0.0290057509182281,-0.05687930644549544,0.01560077118819667,35.40351755249249,5.048756303751702,0.3800005121374334
-0.031915790534446264,-0.05017062641401249,-0.08514134851265975,0.0163499782159579,29.69745808282864,5.441863893397058,1.336002718638419
0.005344902711080568,-0.04050933660021527,-0.08640819448013981,0.016288143972800782,31.62161608010505,5.361052632552544,0.23559176732591275
-0.0007594393899229557,-0.059738473057943664,-0.07658641567406066,0.01531926531027493,31.4890348239452,5.314455977267702,0.10931539283283852
-0.003934542081788894,-0.024007690089139055,-0.08207661576304215,0.015172756690072375,30.769787300031506,5.234923496171379,-0.0719450229656213
0.03178024510857891,-0.0005217237491409454,-0.02951234167825334,0.017017981864338852,42.20721277245116,5.527272470464876,1.2228004156700454
0.03654392712433174,0.07015807861638912,0.016467577450188786,0.01939874309392648,52.280253783526895,5.86700198334418,0.5997771604974076
0.00461673935352791,0.0693829715884069,0.026062976837793572,0.01936141455417558,53.4250595425072,5.863906597588775,-0.37768205068035243
-0.00739469116041247,0.06228195354002897,-0.0011771483214617628,0.019243330392716845,51.29270667331803,5.699618121205146,-0.04981294694779353
-0.006692131500525944,0.05934104493657277,0.033908713431030746,0.01923924802972906,49.38583205486547,6.270223420588375,1.4041964395873303
-0.03385592906605628,-0.008048395465515723,-0.008565920175599873,0.019795511308880312,41.114105074884506,6.554751919797861,0.5028925549786057
0.021007913302233172,-0.022916046932689893,0.04563428586141871,0.020522038057810804,46.86038736648238,6.547329344464941,-0.39605581718816746
-0.0014176239408641989,-0.02878503090534701,0.03860074970158278,0.020419708409853493,46.523534464652144,6.401778948603107,-0.5654290603164984
0.0032262426829974267,-0.018392974926377037,0.042743428203824596,0.020343353742027954,47.44807848234297,6.184140256155907,-0.8725652999302771
-0.02396873186469839,-0.035466062560807865,0.02177038916362073,0.020915689853768068,41.666066445769175,6.221677350284271,-0.5562397668898663
0.001187343922486539,-0.0004811911598771035,-0.008525713808643642,0.020328379264441636,42.03386885358206,6.018589446487258,-0.7654485389655487
0.02183176471862147,0.00032532069536062025,-0.022598181301652365,0.020876355471229034,48.47449255704542,6.128273773119559,-0.10310771017810955
0.018270152940516038,0.020047460996261535,-0.009314636693436573,0.02123860037048776,53.257319306867394,6.137583690145726,-0.3764092759210839
0.01967323848251623,0.03677022560561638,0.017700936841638093,0.021238478915536336,57.874614410198454,6.181107549031831,-0.1080457224594804
0.012710644656182213,0.0757321797070245,0.03758019492286091,0.01898601602297065,60.633527046229524,6.064203977130445,-0.5160594516833782
-0.0005314395307257636,0.07388542177326496,0.07336867760158672,0.018985700867077276,60.45298923366555,5.868804704843355,-0.25971119356265493
0.0016361258388950528,0.052660986474654115,0.05300343887875303,0.017100230843741578,60.83937544710546,5.652481398338996,-0.7903591969142493
0.00392056304742705,0.037826756669581796,0.058632548094792014,0.017101525765654407,61.803986859944175,5.425984160390632,-0.7836170756718885
-0.0011390890015970934,0.016643901695642116,0.054026127321564976,0.017108338904304625,61.32945525452056,5.285426423244703,-0.11187400877152341
0.006312383382871323,0.010220790277498448,0.08672701271056615,0.016983657789556045,63.02191548749035,5.223958211059858,-0.17340423826183737
-0.0002428315584860341,0.010512503079009194,0.0851746455761595,0.015834994846532866,62.907135188826125,5.213150512881691,-0.2794456794437401
-0.02704011939380868,-0.018417867543094046,0.03327321585798115,0.015285104187139957,51.632945442405074,5.403856238276112,-0.39453120197044267
-0.01273091938670523,-0.03469883462145451,0.0018153776741836047,0.015535659624220273,47.43874303946593,5.402266983932944,-0.5001162346775004
0.019131868844441513,-0.015108940756690337,0.0012834892142721266,0.016019452026713843,53.47695633570951,5.862782191780927,0.004094646274863681
-0.015754265817481183,-0.03670585823854233,-0.02686023084005562,0.016374616008855952,48.446987181631556,6.00779828025814,-0.30615425949879355
-0.008822379909602107,-0.044972494304250876,-0.034932764710085884,0.014444267142339722,45.88517747167949,5.962358848762676,-0.08387658448077878
-0.000805297297409524,-0.01922119950935597,-0.03728505354586731,0.013728386544113014,45.6499828594191,6.057551900147931,-0.2948663437447377
-0.0017391917687868963,-0.008301731210272889,-0.042712505433390335,0.013731274428478149,45.11260606872996,5.959439623131979,-0.3576714819820278
0.015892618029543115,-0.011453785937942995,-0.026389672121457153,0.014137288552663343,50.801957822094806,6.0042992772368535,-0.3162731726909128
-0.04847960193409895,-0.044322109364165474,-0.07940108653955358,0.01718513719560739,37.74491755594115,6.632521236892372,0.5283097887039516
-0.029189374883390795,-0.06395964596771175,-0.10605571545797787,0.01839005847572287,32.578762746886795,6.872756671254442,0.660702540534302
-0.01747872660231309,-0.07957922704363318,-0.09727081835318319,0.017874993695347695,30.007519133737645,6.868751657492849,0.21768668719035433
-0.03364369478238116,-0.108995955700539,-0.11639283178357918,0.018338057472571636,25.852016150549915,6.987471667191045,0.178881591477942
0.01817060221144473,-0.10699801508860562,-0.11722626866593888,0.018230461994846656,31.20662472980466,6.799445303490513,0.13753388184831608
0.0023889096072751137,-0.059257912124686785,-0.10095358582696978,0.017814523072293396,31.915407025785203,6.687492697545804,-0.25619689740934765
-0.006121453168117963,-0.03690446411337822,-0.09850371362177024,0.017759599577834566,31.031028549042333,6.470351493973641,-0.4371612885182773
0.011989186652903605,-0.008019170251139185,-0.08696023792465546,0.018164300828718765,34.81739530069358,6.440275205788221,-0.03702428432132906
-0.005296311389961117,0.02107989056834736,-0.09021368795075146,0.01800842683833178,33.920834390215816,6.355401623025935,-0.2163842785028933
0.019476892742144702,0.02238991365214149,-0.08700377775524859,0.018912614207133183,40.00655354751179,6.439603979263222,1.2730295317761935
0.011270363296444375,0.03144858198271283,-0.029672907449551533,0.019109807725113094,43.322722507178284,6.208135355104432,-0.3700839833392864
0.013681926441879266,0.0520005577571252,0.013177040926123595,0.019557962942904496,47.18258040999359,6.050861749124814,-0.6874271169723153
-0.009921848040083447,0.029223218807194362,0.02096970258915376,0.01889469519102688,44.768949037571566,5.942550000294478,-0.6832546032734619
0.010472665366113354,0.04553943156484652,0.06757928836712557,0.019035705904812114,47.77559027262378,5.833432937346774,-0.5934747495063398
-0.02658034341433524,-0.001695240307871937,0.020656717060156593,0.019015798861884422,41.53125802689213,5.855972353782684,-0.5007319420080696
0.019412605542204586,0.006342609394370147,0.03799065744860641,0.019588688944226995,46.84980323739112,6.106117154395491,0.34184078658464634
0.004772020103251284,-0.0025027869379361523,0.04936762450246923,0.019621574210586856,48.123290612068594,6.010230889183861,-0.6098628211628603
0.003136350396449661,0.010653261927770608,0.040187803339290395,0.01966016283659831,48.9924486890279,5.877770660907325,-0.624880928796857
-0.09245623955872362,-0.092294038948745,-0.05095762545444815,0.028138815854166097,31.946890089561666,7.0695639791047284,1.5915043475414254
-0.07288733474248388,-0.1354749340360123,-0.1369405117750001,0.0311873181447045,25.193293191779212,7.692878737318324,2.296642910834843
-0.03673428915114274,-0.18309098034988103,-0.17790964552750244,0.030555831121357444,22.771006501783674,8.533633327002105,3.3309152370003394
-0.04981826981523896,-0.2274744816093479,-0.22940794838599843,0.03154232666936094,20.057861445350408,9.428229477488994,2.0444710568717612
0.153288616993843,-0.11184069210023517,-0.10237889835959157,0.048487779209496366,41.86654846096033,10.799222139158019,3.908673699138084
-0.042393783585858436,-0.06284753255605746,-0.14934111888724122,0.04881463927112337,38.27951712974617,11.156133946819732,1.971372897156694
0.04059440515301449,0.05186311323515058,-0.09063797264529594,0.04959487273772668,43.094123356151684,11.318842742798237,0.9192392478624865
0.02205412997037559,0.11605866059335601,-0.08828161370265664,0.04989274735444347,45.67417106895744,11.563184088113097,1.3380404685330396
-0.0018764476411760045,0.17236987364055434,-0.09431435562024748,0.049881541879568295,45.48106038460235,11.001338665254574,-0.17072392729388627
-0.0389333647218012,-0.023032436842936432,-0.13229716526590263,0.05045892675723886,41.561962181156574,10.911007640821916,0.0858867635223771
0.013949632775603904,0.03445015802651419,-0.030562481957675858,0.050614914969602694,43.371507989294194,10.456254340235619,-0.14165780146141396
-0.01939280333250215,-0.02518285267402598,0.025374199421307475,0.050453452611807954,41.424318517118785,10.219776604286526,-0.3060453784135425
0.0340650774735225,-0.013727023439189856,0.10073849719988015,0.0510918206344185,45.92758841756834,10.089883494442923,-0.11767879466362914
0.024331588268553084,0.012169848271146089,0.1866374371204227,0.05133827212104223,49.043626601543124,9.957165867863493,-0.11730180997451063
0.018426141911106475,0.07257935682591143,0.04787524053078118,0.0515352067453536,51.384052976205226,9.665220236287603,-0.28815484149629733
0.004367266581964069,0.06244290839039124,0.09904423447858979,0.05147655492371266,51.95765435760099,9.227554873526012,-0.5630415112047086
0.004109335285442661,0.08790639733020367,0.0605098108031068,0.05116594566497915,52.52770154366066,8.856031353781388,-0.5458025619937104
0.005091876364272663,0.0574246302494521,0.04290933756484128,0.05097098544855465,53.27063251932288,8.498944968175538,-0.6019790151584031
0.0061076408542186655,0.03861192245347245,0.05125167196233438,0.050980254793439025,54.201201095411115,8.383767145229807,-0.13329341575864664
0.0038588679064202047,0.023755916861822657,0.09805946285437495,0.05098378143747795,54.817154150415774,8.187834871123306,0.02234566509954456
-0.03736171359938467,-0.01877861386880353,0.04249170325607943,0.04713761345447934,48.052662039143684,8.397416096122242,1.3399610830509416
-0.03145849867088735,-0.05353570466548774,0.029664561739039197,0.044533015446223984,43.37997177703859,8.305862351283407,0.3686783155886401
-0.0019106182615660217,-0.0601297397954923,-0.006158037620792145,0.04354218667248908,43.114382484398455,7.970987849823511,-0.16564765268751425
-0.011384846084720346,-0.07647060391711447,-0.04081135849205986,0.04179196489271812,41.48753699414814,7.842267844363997,0.3794852132112651
0.0063184946335548275,-0.07420779819957624,-0.05221475562228162,0.02382634950091162,42.76366534094059,7.664370862765712,-0.17709907019139326
0.005266076204561099,-0.033211635946315377,-0.05136658132773175,0.021655169446067192,43.86937102282273,7.334029944306197,-0.60737565198913
0.0631462266329994,0.061221847268167595,0.00440858786825582,0.024192052102610172,55.12351640978371,7.736792136506421,0.23832225466951948
0.010152256278603833,0.07404773865335224,0.009465527600189372,0.02385405985888583,56.72080943800338,7.497789104602181,-0.1303841881875697
-0.0028178284904083473,0.0833550872588571,0.0005102694794940632,0.02386479006708588,56.11770958988888,7.201728542788289,-0.21039783249593488
-0.004144455183460405,0.07209116835798746,-0.0074663567150700105,0.02184552817158413,55.19082478189634,6.931092802200792,-0.3405196915881665
-0.0008985807760553133,0.06551671562222183,0.03012916236826313,0.02176091282832458,54.97967109504868,6.635594771506416,-0.039372545986564624
-0.011739103087880398,-0.009535585344109032,0.051102475774509104,0.02139593690435831,52.17386994866711,6.660573736057748,-0.30339601548031503
-0.009196227967492532,-0.028506968127421928,0.04342989400023156,0.02037780167329792,50.04454189358011,6.452112161588359,-0.4151516003495462
-0.023059151208633444,-0.04822683931893246,0.031108295540276165,0.020401314419609313,45.11796821569594,6.44243895512037,0.10162435470180611
-0.003612269777481525,-0.04771821154801403,0.020932895187523393,0.019923001456592135,44.39762770075588,6.199664378099758,-0.28597596995396946
-0.03024421041472658,-0.07568865392539559,-0.015130810318232601,0.020871019994781925,38.82819862027681,6.319929339877242,0.6935026533609283
0.0252982519087801,-0.04104795574643039,-0.050192124805318095,0.02177902469989598,44.86959614516371,6.2583984201505185,0.0034199368569150955
0.0010488493588676207,-0.031132230632167635,-0.058751713253222815,0.021727171479744865,45.11772413694037,6.013088247963862,-0.33600388442116524
-0.002345059699954133,-0.010589312747912749,-0.05830546298245365,0.021636394288156297,44.63352223888447,5.961358221949395,-0.14980630035755374
0.004501165153201203,-0.002532690825291062,-0.05013004689671807,0.02164720061835626,45.83234619719872,5.904770123409048,0.451540898415818
0.0042319709002895944,0.03292867395977028,-0.045252306973188494,0.020085836842293262,46.999534836891755,5.626271313235925,-0.6457136725981771
0.007783811173800226,0.01528388815247017,-0.02639143995847626,0.018792139191499663,49.177858137409956,5.424687193974251,-0.3049941609033624
-0.002213711137626917,0.01197493364107416,-0.01953010338701222,0.0187950033675867,48.56180496922821,5.3323024952635425,-0.387493568626278
-0.010797728543074925,0.0034009381180986065,-0.007224388227182965,0.018774588059250405,45.56981895719399,5.279305304973111,-0.03025585937994097
0.016398234140678536,0.01528497628252401,0.012713573338037465,0.019048725774438887,50.503527123578614,5.263592411374329,-0.2947289867548442
-0.012112531599563048,-0.0012394207828629877,0.03164844069404937,0.019279096075168742,47.055057448814296,5.313866678749636,0.5181648261983216
0.006056021902935083,-0.0029517402245937685,0.01228703386042862,0.012688354675664454,48.910638175285825,5.203737413315227,-0.0481976058391755
-0.01919373183369144,-0.019919201368266193,-0.008182798841760097,0.01291775529104303,43.65669836119472,5.266127695905439,0.1470216062051847
0.0021128663073402,-0.007127655617800821,-0.0037509582153854026,0.012975425153055005,44.35174480720099,5.055341272999907,-0.37813994045031163
-0.013805194198080128,-0.036631985412742596,-0.02190692815843409,0.01319408554265095,40.80254378374371,5.027115943236857,-0.13176254494475828
0.010028022576847206,-0.015040961737418312,-0.016261740439709738,0.013533226759443392,44.24466749851814,4.827700739888954,-0.39852211486943806
-0.014010737856372857,-0.0346869217667507,-0.03753627520909819,0.013619311781640773,40.65236380477416,4.7116691998598546,-0.5317171950823839
0.004804711390223648,-0.011067567106024745,-0.03076631137644914,0.013652319212473537,42.356581248554214,4.5533176404966405,-0.3093163472875371
0.022484522595249024,0.009036148046458914,0.001844085877271473,0.013832088089250948,49.67457071555845,4.593026885854712,1.4139919597878856
0.002487626530422782,0.025706328189348593,-0.011867331062641373,0.013819653800608069,50.4410615747369,4.503023479636147,0.042980573579540216
-0.0059553368706062315,0.00947486474029291,-0.005708608075151278,0.011951273752739276,48.5306774397673,4.412321686352378,-0.011522442761884478
0.006290573788700682,0.030259740005979197,-0.0054767989950412765,0.010628352203359287,50.64439742049899,4.337364594407978,-0.5162041025474088
-0.0027784006959959973,0.022484522595249024,0.011168106526554533,0.010650291975972464,49.6680843210199,4.254217944197061,-0.09867882039780013
0.0003980202448676806,0.0003980202448676806,0.00943776486118475,0.010633463438919093,49.81691815873275,4.179862089753124,0.720581698347773
0.020340156705265455,0.01821333823047322,0.04438786446979792,0.011513447320729717,56.843040379707375,4.460795068845364,1.399141126770614
0.01291615425542747,0.037543660789957745,0.04737424663809109,0.01179695437316782,60.68397218346465,4.499985096070324,0.9134542453241552
0.022230762139012317,0.05397891498536911,0.08587204292461026,0.012612139516483599,66.31293343730317,4.5720142708836224,0.5203704838883461
0.00522506774348952,0.062437904429496704,0.08632631349769082,0.012582169254582049,67.51629299916256,4.447872515595176,-0.6818372335854428
-0.016857955249283796,0.04411179614870919,0.044527373781481305,0.012989597947522052,60.02701532154906,4.6597660786315105,-0.12254591156919796
0.00028578971805215403,0.023590207345169256,0.042233202000947045,0.012565378091920435,60.10644389287293,4.539335277869332,-0.39320756995250333
0.00538068961510163,0.015975334405065933,0.054118767730933603,0.012167013925582896,61.65189135622492,4.508051724497521,-0.17580246677768052
0.006014977043711456,-0.00014121999246108352,0.05383007209094082,0.012166372145621388,63.369429663716296,4.431958636917997,-0.3310635323702378
-0.005884853456365136,-0.011191832052705908,0.050547277836693105,0.01125155982660857,60.49739317914929,4.297150678605934,-0.5006549691615133
-0.01202881464197092,-0.006334859754376754,0.03749749435221661,0.011749239431599274,55.03872067838116,4.248239967688529,-0.5308521852415408
0.0023488288655426626,-0.004285475363540625,0.01920363672923031,0.011116360705579155,55.866054234180595,4.1778757754651155,-0.4013576417144204
0.00502133715468478,-0.004641372853910974,0.011259814067715146,0.011010037951241336,57.66378870990555,4.147462868480923,-0.21078722142282072
-0.0006662490332222104,-0.011251827138728632,-0.011391458148246048,0.010311178056673512,57.328437352394005,4.008741483059153,-0.1876089537909407
0.005523280640275852,9.47173566732129e-05,-0.011098174756780987,0.010316836489036658,59.433293417866615,3.8713746162813054,-0.15535754590072934
0.006155827878369324,0.018502506157741516,0.01205043562175101,0.00934752523540212,61.71261564338684,3.9227282953412677,-0.06669356201769662
0.0090362347501034,0.025297685098418343,0.020903797128633883,0.009449322245314308,64.85361338159301,3.83641103764549,-0.24566183512978776
-0.001166074880693091,0.01898544176378092,0.01425595039584815,0.009265330086614555,64.11603368279425,3.7576840794871464,-0.22394371977392707
-0.0018212004700020046,0.017807778446711886,0.0063555812631759245,0.00930908398163598,62.913960024806094,3.6432398932584635,-0.25894440578399486
0.0005614633154649162,0.012785342501510533,0.012881270852029614,0.009229899011090037,63.142963200623534,3.514161742476322,-0.4692972760896871
0.0007948587409902785,0.007389050184256618,0.026028272288532328,0.009224094791238795,63.48689853144894,3.3907393206944603,-0.5537146269022543
-0.012987668901023652,-0.014598900908454393,0.010329465791999004,0.00896586397184548,54.52636402700066,3.432944173993311,-0.05853144548867588
-0.010507862911703691,-0.023815055828441234,-0.0052817534201923255,0.008926503194798431,48.62442479461852,3.5206043484293117,-0.2746806380811198
-0.007079609380583052,-0.028957601043009817,-0.011665493140020189,0.007421313706754181,45.11825894005703,3.4601584749376757,1.003381865690986
-0.025003594915492977,-0.05376842614895083,-0.04167053139152177,0.008974109260894002,35.461570571182506,4.07404876935449,1.848459593601016
0.004792936108565904,-0.0499883237564801,-0.04296863980508692,0.008460411941495787,38.12698089424632,4.224972872322314,0.7806325829346781
-0.0021146353111312077,-0.039522893344800636,-0.05354480344969881,0.00844984672050437,37.38976695535689,4.1498542085375085,-0.3377460099868336
0.05090679602505532,0.020090894082931632,-0.004202627509737877,0.014452502809470918,58.26614795115523,4.741567027377947,1.9898405949949303
0.031793629657992595,0.06002786943502669,0.029332005297455277,0.01602528212787106,66.22600931804594,4.944600208951426,1.3439887319498713
0.04235791290787305,0.13326411445866282,0.07233028661313612,0.018268212116967865,73.66244004332029,5.428936880587093,2.179967022426483
-0.008337431911761617,0.11845491909876915,0.06254523249583221,0.018112582977029088,70.24503025196356,5.383680989399339,0.2986666790570331
0.010872426196794072,0.13301114303207262,0.08823126446754537,0.018160003382658132,72.05080288634547,5.265302582312162,0.07403322363197928
0.016024457949132653,0.09540354749218238,0.11741118414291551,0.018329539702439283,74.53082911889554,5.270983362384944,0.5851813733061999
-0.0023571835446725142,0.0591473419326054,0.12272570028659135,0.01836313820447103,73.4813758226825,5.19918839275555,-0.06608876642719508
-0.005112168105708581,0.010912652576624104,0.14563103201730576,0.018511925257406747,71.14708083226051,5.1803333773021905,0.08132092115348329
-0.0030225322092916063,0.01633072474078845,0.13672009851755207,0.01859119828170403,69.74359699802783,5.025100958808794,-0.5893526445929399
-0.001429256279357305,0.003962618199830903,0.13750083360806298,0.018600570468656184,69.05202729280425,4.917349471816105,-0.5184750454645914
-0.019734624185850147,-0.03137194628213702,0.06103860624299551,0.019314276177225295,60.18990837994649,4.90792210439343,-0.41469594321283043
-0.004911252928377019,-0.03385173485515358,0.02329336694096229,0.019366570390826204,58.226661934896434,4.752881378383449,-0.8332936511670375
0.012716733406805902,-0.01653786115649092,-0.005805680513027989,0.01948381192910661,61.693645079153924,4.712385370020428,-0.4073294579717174
-0.002634317288807808,-0.016154908995218764,-8.800562644373233e-05,0.01952283676300459,60.55813696985665,4.594860276872642,-0.8219928490793833
0.00946469850209164,-0.005421604418898052,-0.0014804699674096922,0.01918491697074647,63.17381534670916,4.609181290292707,0.028976251225801438
0.005145899965004919,0.019822204453390224,-0.012171602962052108,0.018864165414675033,64.56285924147654,4.468342816015013,-0.8121246918356861
0.008980857430412437,0.03405961056646589,-0.0009451011948535815,0.018658361995142453,66.92004802286853,4.439608741884088,-0.5674636632441671
-0.0018060207961334562,0.019230791154225102,0.0023748938436960465,0.017306939255566225,65.96131529304455,4.26592691110107,-0.5195449760737608
-0.010424709383172748,0.01126961138297311,-0.005067357158549113,0.017741823106376765,60.57632332992276,4.330145350896771,-0.35215894117003416
0.038089871578786294,0.039945965985559884,0.034307790340957434,0.01897105594203103,70.08572699047494,4.672361271998804,0.4540882372604268
0.005493288226302795,0.04030538149029428,0.06092652745615701,0.016108495172907626,71.20554522095257,4.564116038255853,-0.22769445396282137
-0.00037531045761318715,0.03065874475545316,0.06576258022874648,0.01496934516582282,71.00889069445034,4.440054968843707,0.03631391624597469
-0.007551402650500583,0.02472650295322798,0.04443280432172081,0.01222600356007764,67.00087663836494,4.394787308891698,-0.17672118976679557
-0.014839412310012845,0.020154983095473256,0.03165173330536275,0.012594959840724057,59.8998078976421,4.467641722766738,0.4453070966802752
-0.03225948363240483,-0.048978959197117033,-0.010989505049653348,0.014480551176353239,48.133872549966355,4.7479438455104175,1.0575695225389263
0.014286344459361722,-0.04066226371190573,-0.0019957902727787413,0.014380860677151823,52.445124376423514,4.679970916796629,-0.13965758169728476
0.017562991653877313,-0.02344691247006414,0.006492979380666064,0.0149330039823123,57.22020696324523,4.737449670291374,0.06252776653319654
0.011235905200573493,-0.004960510718537647,0.01964333615175895,0.015063297381186754,60.03363642010343,4.693060686651889,-0.41112483901134006
0.006125886829152938,0.01621502229480032,0.0366968188905179,0.015067246227612342,61.535583288909066,4.707502672788062,0.3335523577058889
0.003527257682534257,0.05379433566252256,0.002180585893954756,0.015054571687444031,62.4167527976802,4.540374995062613,-0.27903788324188245
-0.004644576907642972,0.034126026201001025,-0.007923878987729394,0.014270711358443556,60.44618213729554,4.540747963785604,-0.35844390731951864
0.03203291306373979,0.048831476821508346,0.02423961698862631,0.01557101443213491,67.93111415154596,4.81725440395034,3.826893647677137
0.043095700465100695,0.08187575061229824,0.07650909435525999,0.017744169614265285,75.00386110063631,5.268110063727708,1.7673015166617474
-0.00644325892472386,0.06836029079256711,0.08568377672664784,0.01786205369861039,72.32486335151421,5.160127430341576,0.19120820681938971
-0.00833236483994404,0.05573447552964628,0.11252701027678524,0.018113246781471363,68.91869712888544,5.126936927741825,-0.488147593747082
0.018072960876120314,0.07983007724240343,0.11668038675100667,0.018349891056956048,71.97588403757784,5.150349910213501,0.06442227415833321
-0.0054890828406448655,0.04057030245921456,0.09138288706490161,0.018493911430715732,69.69319265588219,5.055061184623859,-0.3271353494706284
-0.004031959845059219,-0.00644325892472386,0.07490494502672318,0.018542822238030245,67.99667448372784,4.868816096503443,-0.5816105377516713
0.0007861004710238984,0.0007861004710238984,0.06920012932038233,0.018226495994856203,68.15876217728493,4.72156324724945,-0.685728917375657
0.003220330351537015,0.012445023643147701,0.068873116038499,0.01651386481755013,68.8552101138605,4.681164127321967,-0.21666730418868277
0.006576638338942287,0.0010122531146523617,0.08092313860138733,0.016522267522252394,70.28904728276336,4.634373534995746,-0.47550611026647543
0.0034612513299712155,0.010021097582492144,0.05099795900160187,0.01649559426725178,71.04943002787772,4.680837584172914,-0.19324077689802416
-0.0051546117135026215,0.008882605154369783,0.002382113304710387,0.016417156208576655,68.23885292575072,4.633357115646284,-0.38846416186922733
-0.0008180341665524615,0.007265492834949372,0.00805730471331323,0.01586305643961233,67.78295129998152,4.442981137046746,-0.9337885148039015
0.00616028826380699,0.01021730517948094,0.022789483427156476,0.013274407837407744,69.43752749239115,4.297601754770992,-0.7385587761799106
-0.01557785637436715,-0.012017319681101535,-0.011017231135726058,0.014018548895233407,60.87160247463801,4.341719544445522,-0.6598940700791518
-0.03452205816262133,-0.04941472976558292,-0.0398888220120841,0.016237567816086918,47.19371008533161,4.915026389451399,0.3521757760343736
0.009744341420789837,-0.03517862277033923,-0.026608495431912793,0.016198537277121127,50.46062499224788,4.879361134976218,-0.6749225038125005
0.00044415864468594357,-0.03395983515395895,-0.02694107725799666,0.016179371493579894,50.612069919129695,4.8269774799115,-0.7917772002554097
0.006336529564029414,-0.03379062138483535,-0.023918565296247696,0.016204540162667567,52.8286010989041,4.7926071879276995,-0.8606855591887451
-0.007580006053321764,-0.025940739056413253,-0.03764632058350981,0.016283336756922537,49.92386154645247,4.750700505822732,-0.6071134380858962
0.019559441912186948,0.028621445858279637,-0.022207604919890378,0.015284744783373383,56.5174282623167,4.847370696011561,-0.20071755175424263
0.03943876231500254,0.05887100200944473,0.021621378467303387,0.01477398857954568,66.33199283789777,5.363866417418371,1.5661836652075425
0.0020210237725979407,0.06053995748646801,0.02452419535604089,0.014661530902539964,66.76233906940364,5.227638175384521,-0.3177266926103709
-0.016440156296572916,0.03653647083498912,0.0015112593974304644,0.015060641418897808,60.027225812036065,5.383723109273973,-0.389754044534727
0.004372103072468825,0.04901989225721737,0.021807540967186068,0.014561377297235837,61.13175751317294,5.185418428240202,-0.9161178604566326
0.012481878875396424,0.04173782109089785,0.07155386373577333,0.014717843297385489,64.18750439767844,5.168261296442327,-0.6795400702131872
0.02279111912415832,0.025053356192451748,0.08539927438464567,0.015391617717165395,69.03436079996435,5.248661110944943,-0.3929182376164697
0.0007068314349076843,0.023708955990787484,0.08568425266498614,0.015392191436376434,69.1768638722963,4.997923569341805,-0.5395635817698485
0.0026023003490212027,0.043528729578492964,0.08165558657221061,0.015392052662814319,69.7295720016133,4.947775729726647,-0.13065957283561605
0.006303226049785504,0.04553513965401601,0.0967871595509906,0.015388671138616309,71.08555048691083,4.998257606960153,0.6735741286513207
-0.0037950967413132863,0.02872678947053986,0.07166360416087514,0.015458055222012157,69.06682508961076,5.223532140493424,1.3631106057861495
-0.004882213161503057,0.0008928576501718855,0.02596858292336246,0.015451117236688943,66.46189610800859,5.178676363906244,-0.1837099698026034
0.0036796245826942187,0.0038662034248024835,0.02766682306243995,0.015433504316703489,67.45336354407605,5.084931409323005,-0.22073579924173292
0.0003703577594871277,0.0016314471980936052,0.045231191600493936,0.015419323736384905,67.55770316876063,5.062107724906504,-0.4575122664929496
-0.0013697259247742455,-0.00600588297397453,0.039255777960075955,0.014864638617105767,66.70565618475601,5.093717391904835,-0.13520169054627684
-0.004818903572332056,-0.007027417764332355,0.021497496555570095,0.01214081526302327,63.66749773113669,5.123785682688045,-0.2673173593928151
0.004548679242277531,0.0023831441880575177,0.003278129646749006,0.012080343483894933,65.26780672892674,5.205659529013899,-0.5628598338876064
0.021601185771556786,0.020281555606661117,0.024226171651210437,0.012634982449180824,71.67690819421541,5.296684633107773,-0.3526929128353512
-0.006466843884820661,0.013308267488373993,0.01496142642217313,0.012906277364396436,67.57013622349645,5.2062070721212805,-0.2602432567464273
-0.0019014480979659965,0.012768729995780825,0.00668615952372531,0.012681105181191138,66.37373532191936,5.163621986194091,-0.2096705551086197
-0.0019784155368063328,0.015659417399946918,0.008521954367599172,0.0122917446944168,65.08491194091604,5.249076512291834,-0.3047678365712281
-0.018171183658773127,-0.0073117369047837055,-0.004946017640035549,0.010094617000502886,54.61588244583823,5.351284809683936,-0.408282654182484
-7.473646268785217e-05,-0.028374196398160745,-0.008668113633543362,0.01009524177751381,54.577704624008405,5.354049046910753,-0.3799780538829537
0.004187836924032684,-0.01795445072655988,-0.004885125871061713,0.009239509916990948,56.41605454908231,5.4509020760655655,-0.6051546047441575
-0.008601420835542606,-0.02454666388492166,-0.01209136361258445,0.009516169110466993,51.76279872665312,5.7408361597785165,-0.3723969540932979
0.019680714495305063,-0.0033773114620105904,0.01222921920806308,0.010078491554675826,59.852250104178395,5.877917372975141,0.1939083929705469
0.0163174457722548,0.0316309812418325,0.024087966924168258,0.009450562455391843,65.17024155864938,5.893780853728033,0.4723712773936747
0.003805406428931457,0.03563415604359643,0.006248869103371968,0.009464042942466225,66.30933396134125,5.839225427234067,-0.33610440041636447
0.0020940411225383038,0.033474792657508745,0.014919320415597959,0.009461755889470515,66.95227105844346,5.629280317894803,-0.9180096095216354
0.004683906927485104,0.04732396658597415,0.021615657199565375,0.009425587863171351,68.40758896546959,5.4421895641612466,-1.4813316952103779
0.015241168753721723,0.04276406603100824,0.03924232699862906,0.009821382629629293,72.64818199768814,5.573461650956649,-0.3373958243520387
0.010914857899228636,0.03722089197549883,0.07002920655321243,0.009840337267259506,75.24943535318933,5.51607074829345,-0.034615884939255506
-0.00712816145749029,0.025923358645833616,0.06248127169658968,0.010105065773897078,70.48355678883175,5.5020662180024,-0.477086930341926
-0.012141410394363561,0.011349394893190201,0.0452041061915367,0.01062721170170056,63.19424174420095,5.547633963033479,-0.45669901240506267
-0.00684009028940924,-0.00025105728056806775,0.047061028279049344,0.010788254418502686,59.50590045829643,5.372090598207428,-0.31616251065889167
-0.00319242461710445,-0.018403360447731942,0.02357370306189721,0.010742181329500741,57.821272823504515,5.239799807710468,-0.7079033307746675
-0.002555046727945598,-0.03148261535610308,0.004566465594119995,0.01076493861771658,56.44827831920516,5.0876702036999,-0.9667459367110857
0.00577244442526248,-0.018898452340434635,0.006534994947526629,0.009740399917979274,58.82123082883517,4.960693586192318,-0.9289275849181504
-0.0026902934331158868,-0.009511981872537656,0.0017294577821642676,0.00963049758292223,57.24667419187713,5.019215385699787,-0.9166682642394692
0.0008991835452922814,-0.0017935289554106282,-0.002044135957476545,0.009608396671735416,57.65358966944611,4.832128136470114,-0.6453268417473683
-0.014984955605960026,-0.013602609297268753,-0.03175563602307352,0.010240746539244141,49.2358105664337,5.009118809478945,-0.1754209273478843
0.0018240853187405648,-0.009271979912435113,-0.04046268909136552,0.009265949508093453,50.17517516043445,4.9163239984503155,-0.7293307346458038
-0.010086993049891024,-0.024894190658564685,-0.04332218132328469,0.009611599542893553,45.186573090524824,4.888014356680427,-0.19133222616798518
0.001287544541755281,-0.02100491444639563,-0.030317097953485028,0.009580577573651636,45.918255994970814,5.0160128080447715,-0.12656241527211762
0.005437418615868328,-0.016565996017624873,-0.01832981337950268,0.009374132807704902,49.01733394784424,4.993441336543806,3.781146637460229
-0.009865941003960987,-0.011455197908358472,-0.02490198662405696,0.008644136373728925,44.05729472788468,4.87748089230407,-0.768888758612803
0.005129660569795913,-0.008193438403630848,-0.017389448919773676,0.007854417322194978,47.02897835335593,4.739089574382797,-1.0531847001940882
0.005323881205087977,0.007246914535175453,-0.017827682195514116,0.007906609836486929,50.01209699021098,4.6312960668375975,-1.5652179121884153
-0.0014974020881820538,0.0044453927191487885,-0.016652896820993246,0.007884297944269139,49.16891072416848,4.479775616750983,-1.4015379143501507
0.0013168100847762432,0.00032884983182279726,-0.016242593910806624,0.007798236502608552,49.9665879125218,4.303361590414975,-1.3074627454374237
-0.0024840121606569676,0.00778678577723424,-0.0037576113032724567,0.00681326612835177,48.42091528937642,4.124549176311674,-1.372822920030221
-0.004467559984957958,-0.001835805650211797,-0.01001420249332663,0.006139964702497458,45.69016629035863,3.9677951405595007,-1.1464546957520256
-0.0031265196488491354,-0.010226024681109669,-0.003053217272832698,0.006047329187832377,43.835336743590574,4.315809511797438,-0.695126141166841
-0.013837127282653072,-0.022457879546201154,-0.01811232092127457,0.006201791414370369,36.74743351971153,4.3911084836110135,-0.3615824968870421
-0.01833429707033085,-0.041642402131057965,-0.04132724639617269,0.007099411135960964,29.935995662377785,4.4653144973374586,-0.07341345713475897
-0.007737455757884204,-0.046689617060699296,-0.03926639332953796,0.007177981457086884,27.649446983788632,4.422791684469605,-0.24831590368879858
-0.004955164959399183,-0.04715654196060581,-0.048905777364641856,0.007186094624091639,26.275984020084078,4.437591537294878,-0.15873611022317635
0.00127388264893602,-0.04295049713663357,-0.05273730897395801,0.006951993683698683,27.27124119680654,4.405620015657743,-0.6059510544172377
0.0033928553779511983,-0.026229175744521105,-0.0480980036212556,0.007123858927358622,29.9857200177213,4.412361443110762,-0.3814465372147584
0.003073920434077726,-0.004993130171273452,-0.046427606367846486,0.007207031457355193,32.453827057948224,4.34147726218544,-0.36006991642487735
